A3G0MGLBT484I1	100_1	1
A11GX90QFWDLMM	100_1	2
A1GR4JB3DODIQ1	100_1	1
A32IZC32FQKVRX	100_1	1
A18941IO2ZZWW6	100_1	2
A18941IO2ZZWW6	102_0	1
A1GR4JB3DODIQ1	102_0	2
A3PIXX8DQGYHGI	102_0	2
A3G0MGLBT484I1	102_0	1
AUPV5WJK85K4F	102_0	1
A3G3JWL19SBHCH	102_1	1
AYHHOK9GDSWNH	102_1	1
A3G0MGLBT484I1	102_1	1
A2MIF2GUSZLJ0X	102_1	1
A3PIXX8DQGYHGI	102_1	2
A3G0MGLBT484I1	103_1	1
A11GX90QFWDLMM	103_1	2
AUPV5WJK85K4F	103_1	1
A2MIF2GUSZLJ0X	103_1	1
A3PIXX8DQGYHGI	103_1	2
A3PIXX8DQGYHGI	103_11	2
A18941IO2ZZWW6	103_11	2
A3G3JWL19SBHCH	103_11	1
A3MPXWFMR0Y2LK	103_11	1
AYHHOK9GDSWNH	103_11	1
A2MIF2GUSZLJ0X	103_13	2
A18941IO2ZZWW6	103_13	2
A2GLG8R57PVEQU	103_13	2
A3G3JWL19SBHCH	103_13	2
AUPV5WJK85K4F	103_13	2
A11GX90QFWDLMM	103_14	2
A3G0MGLBT484I1	103_14	1
AUPV5WJK85K4F	103_14	1
A2GLG8R57PVEQU	103_14	1
A2MIF2GUSZLJ0X	103_14	1
A18941IO2ZZWW6	103_15	2
A2GLG8R57PVEQU	103_15	1
A3G3JWL19SBHCH	103_15	1
AUPV5WJK85K4F	103_15	1
A3MPXWFMR0Y2LK	103_15	1
A3MPXWFMR0Y2LK	103_2	1
A2MIF2GUSZLJ0X	103_2	1
AYHHOK9GDSWNH	103_2	1
A3G3JWL19SBHCH	103_2	1
A11GX90QFWDLMM	103_2	2
A3G0MGLBT484I1	103_5	1
A18941IO2ZZWW6	103_5	2
A2MIF2GUSZLJ0X	103_5	1
AUPV5WJK85K4F	103_5	1
A3MPXWFMR0Y2LK	103_5	1
A11GX90QFWDLMM	103_6	2
A2GLG8R57PVEQU	103_6	1
A3MPXWFMR0Y2LK	103_6	1
AUPV5WJK85K4F	103_6	1
A3G3JWL19SBHCH	103_6	2
AYHHOK9GDSWNH	103_7	1
AUPV5WJK85K4F	103_7	1
A3G3JWL19SBHCH	103_7	1
A2MIF2GUSZLJ0X	103_7	1
A3PIXX8DQGYHGI	103_7	2
A11GX90QFWDLMM	106_0	2
A5C6BAAHFTJFP	106_0	1
A3G0MGLBT484I1	106_0	1
AXTU992Z7V3ZX	106_0	1
A18WNE09USHJSG	106_0	1
AXTU992Z7V3ZX	106_4	2
A18941IO2ZZWW6	106_4	2
A11GX90QFWDLMM	106_4	2
AEX5NCH03LWSG	106_4	2
A5C6BAAHFTJFP	106_4	2
AEX5NCH03LWSG	106_7	2
AXTU992Z7V3ZX	106_7	2
A18941IO2ZZWW6	106_7	2
A3G0MGLBT484I1	106_7	1
A11GX90QFWDLMM	106_7	2
AYHHOK9GDSWNH	106_9	1
A5C6BAAHFTJFP	106_9	1
AXTU992Z7V3ZX	106_9	1
A3PIXX8DQGYHGI	106_9	2
A18941IO2ZZWW6	106_9	2
A5C6BAAHFTJFP	107_0	2
AUPV5WJK85K4F	107_0	2
AXTU992Z7V3ZX	107_0	2
A18941IO2ZZWW6	107_0	2
AEX5NCH03LWSG	107_0	2
A18941IO2ZZWW6	107_1	2
AUPV5WJK85K4F	107_1	2
AEX5NCH03LWSG	107_1	2
A5C6BAAHFTJFP	107_1	1
A3G0MGLBT484I1	107_1	1
AXTU992Z7V3ZX	107_2	2
A18941IO2ZZWW6	107_2	2
A3G0MGLBT484I1	107_2	1
AEX5NCH03LWSG	107_2	2
AUPV5WJK85K4F	107_2	2
AEX5NCH03LWSG	107_6	1
A18WNE09USHJSG	107_6	1
A3G0MGLBT484I1	107_6	1
AYHHOK9GDSWNH	107_6	1
AXTU992Z7V3ZX	107_6	1
AEX5NCH03LWSG	107_7	1
A18WNE09USHJSG	107_7	1
AYHHOK9GDSWNH	107_7	1
AUPV5WJK85K4F	107_7	1
AXTU992Z7V3ZX	107_7	1
A18941IO2ZZWW6	108_1	2
A11GX90QFWDLMM	108_1	2
A3PIXX8DQGYHGI	108_1	2
AXTU992Z7V3ZX	108_1	1
A5C6BAAHFTJFP	108_1	1
A18WNE09USHJSG	108_2	1
AUPV5WJK85K4F	108_2	2
AYHHOK9GDSWNH	108_2	2
A282GBBIPRRVIB	108_2	2
A11GX90QFWDLMM	108_2	2
A2KONK3TIL5KVX	108_3	1
A3MPXWFMR0Y2LK	108_3	2
AEX5NCH03LWSG	108_3	2
A3G0MGLBT484I1	108_3	1
AUPV5WJK85K4F	108_3	1
A282GBBIPRRVIB	108_5	2
AUPV5WJK85K4F	108_5	2
A11GX90QFWDLMM	108_5	2
A3G0MGLBT484I1	108_5	1
A3MPXWFMR0Y2LK	108_5	2
A3MPXWFMR0Y2LK	108_6	2
AUPV5WJK85K4F	108_6	2
A2KONK3TIL5KVX	108_6	1
AYHHOK9GDSWNH	108_6	2
A3PIXX8DQGYHGI	108_6	2
A2KONK3TIL5KVX	108_7	1
A282GBBIPRRVIB	108_7	2
AEX5NCH03LWSG	108_7	2
A3PIXX8DQGYHGI	108_7	2
A3MPXWFMR0Y2LK	108_7	2
A23NXGIV5YVQHJ	10_2	2
A38UUFVXEND88G	10_2	2
A1GR4JB3DODIQ1	10_2	2
A3PIXX8DQGYHGI	10_2	2
A11GX90QFWDLMM	10_2	2
A3PIXX8DQGYHGI	10_3	2
A11GX90QFWDLMM	10_3	2
AEU1NROWHLIJF	10_3	2
A3MPXWFMR0Y2LK	10_3	2
A38UUFVXEND88G	10_3	2
AYHHOK9GDSWNH	10_5	1
A1GR4JB3DODIQ1	10_5	1
AEU1NROWHLIJF	10_5	1
A18941IO2ZZWW6	10_5	2
A23NXGIV5YVQHJ	10_5	1
A18941IO2ZZWW6	10_6	2
A3PIXX8DQGYHGI	10_6	2
AUPV5WJK85K4F	10_6	1
AYHHOK9GDSWNH	10_6	1
A38UUFVXEND88G	10_6	1
A5C6BAAHFTJFP	10_7	1
A3G0MGLBT484I1	10_7	1
A11GX90QFWDLMM	10_7	2
A3J0VZOPOGW1QC	10_7	1
AUPV5WJK85K4F	10_7	1
A282GBBIPRRVIB	110_0	1
AYHHOK9GDSWNH	110_0	1
A2KONK3TIL5KVX	110_0	1
AEX5NCH03LWSG	110_0	1
A3G0MGLBT484I1	110_0	1
A3PIXX8DQGYHGI	111_0	2
AUPV5WJK85K4F	111_0	1
A2KONK3TIL5KVX	111_0	1
AYHHOK9GDSWNH	111_0	1
AEX5NCH03LWSG	111_0	1
AUPV5WJK85K4F	111_1	2
A3MPXWFMR0Y2LK	111_1	2
A18WNE09USHJSG	111_1	2
A3G0MGLBT484I1	111_1	1
A2KONK3TIL5KVX	111_1	1
A2KONK3TIL5KVX	111_2	1
A11GX90QFWDLMM	111_2	2
A18WNE09USHJSG	111_2	2
AUPV5WJK85K4F	111_2	2
A3G0MGLBT484I1	111_2	1
A2KONK3TIL5KVX	111_3	1
A3G0MGLBT484I1	111_3	1
A11GX90QFWDLMM	111_3	2
A282GBBIPRRVIB	111_3	2
AEX5NCH03LWSG	111_3	2
A3G0MGLBT484I1	111_4	1
A26KXB5XCGERD2	111_4	1
AEX5NCH03LWSG	111_4	1
A3PIXX8DQGYHGI	111_4	2
A11GX90QFWDLMM	111_4	2
A3G0MGLBT484I1	111_5	1
A2G80S3EM9SDBD	111_5	1
A18941IO2ZZWW6	111_5	2
AEX5NCH03LWSG	111_5	1
A3PIXX8DQGYHGI	111_5	2
AEX5NCH03LWSG	111_7	2
A26KXB5XCGERD2	111_7	2
A18941IO2ZZWW6	111_7	2
A2G80S3EM9SDBD	111_7	2
A3G0MGLBT484I1	111_7	1
A11GX90QFWDLMM	111_8	2
AXTU992Z7V3ZX	111_8	1
A3G0MGLBT484I1	111_8	1
AYHHOK9GDSWNH	111_8	1
A26KXB5XCGERD2	111_8	2
A3PIXX8DQGYHGI	112_0	2
A11GX90QFWDLMM	112_0	2
A370556EFVZ9W4	112_0	2
A3G0MGLBT484I1	112_0	1
A26KXB5XCGERD2	112_0	2
A18WNE09USHJSG	114_1	2
A26KXB5XCGERD2	114_1	2
AYHHOK9GDSWNH	114_1	2
A370556EFVZ9W4	114_1	2
A18941IO2ZZWW6	114_1	2
A11GX90QFWDLMM	114_2	2
AYHHOK9GDSWNH	114_2	2
AUPV5WJK85K4F	114_2	2
A18941IO2ZZWW6	114_2	2
A3G0MGLBT484I1	114_2	1
A26KXB5XCGERD2	116_0	1
A18941IO2ZZWW6	116_0	2
A18WNE09USHJSG	116_0	1
A3PIXX8DQGYHGI	116_0	2
A3G0MGLBT484I1	116_0	1
A11GX90QFWDLMM	116_17	2
A3G0MGLBT484I1	116_17	1
AUPV5WJK85K4F	116_17	1
A18941IO2ZZWW6	116_17	2
AXTU992Z7V3ZX	116_17	1
AYHHOK9GDSWNH	116_3	2
A18941IO2ZZWW6	116_3	2
A11GX90QFWDLMM	116_3	2
AXTU992Z7V3ZX	116_3	2
A26KXB5XCGERD2	116_3	1
A370556EFVZ9W4	116_4	2
A18941IO2ZZWW6	116_4	2
A11GX90QFWDLMM	116_4	2
A3PIXX8DQGYHGI	116_4	2
A3G0MGLBT484I1	116_4	1
AUPV5WJK85K4F	116_5	1
A11GX90QFWDLMM	116_5	2
A18941IO2ZZWW6	116_5	2
A3G0MGLBT484I1	116_5	1
A26KXB5XCGERD2	116_5	2
A3PIXX8DQGYHGI	116_7	2
AXTU992Z7V3ZX	116_7	1
A18941IO2ZZWW6	116_7	2
A3G0MGLBT484I1	116_7	1
A370556EFVZ9W4	116_7	1
A11GX90QFWDLMM	117_1	2
A18941IO2ZZWW6	117_1	1
A1GR4JB3DODIQ1	117_1	1
A38UUFVXEND88G	117_1	1
AUPV5WJK85K4F	117_1	1
A3MPXWFMR0Y2LK	117_2	1
A1GR4JB3DODIQ1	117_2	1
AYHHOK9GDSWNH	117_2	1
A18941IO2ZZWW6	117_2	2
AEU1NROWHLIJF	117_2	1
AEU1NROWHLIJF	118_0	1
A38UUFVXEND88G	118_0	1
A18941IO2ZZWW6	118_0	2
A11GX90QFWDLMM	118_0	2
A3PIXX8DQGYHGI	118_0	2
AEU1NROWHLIJF	118_1	1
A3PIXX8DQGYHGI	118_1	2
A18941IO2ZZWW6	118_1	2
A3MPXWFMR0Y2LK	118_1	1
AYHHOK9GDSWNH	118_1	1
AYHHOK9GDSWNH	118_12	2
A26KXB5XCGERD2	118_12	2
A18WNE09USHJSG	118_12	1
A2KONK3TIL5KVX	118_12	1
A3G0MGLBT484I1	118_12	1
A3G0MGLBT484I1	118_15	1
AUPV5WJK85K4F	118_15	1
A3PIXX8DQGYHGI	118_15	2
AYHHOK9GDSWNH	118_15	1
A11GX90QFWDLMM	118_15	2
A26KXB5XCGERD2	118_16	2
A18WNE09USHJSG	118_16	2
A3PIXX8DQGYHGI	118_16	2
A2KONK3TIL5KVX	118_16	1
A11GX90QFWDLMM	118_16	2
AUPV5WJK85K4F	118_9	1
A3MPXWFMR0Y2LK	118_9	1
A3PIXX8DQGYHGI	118_9	2
A18941IO2ZZWW6	118_9	2
AEU1NROWHLIJF	118_9	1
A11GX90QFWDLMM	119_0	2
A18941IO2ZZWW6	119_0	2
AYHHOK9GDSWNH	119_0	1
A26KXB5XCGERD2	119_0	1
A3G0MGLBT484I1	119_0	1
A3PIXX8DQGYHGI	119_11	1
A26KXB5XCGERD2	119_11	2
A2KONK3TIL5KVX	119_11	1
A11GX90QFWDLMM	119_11	2
A18941IO2ZZWW6	119_11	2
A3G0MGLBT484I1	119_12	1
A18941IO2ZZWW6	119_12	2
A18WNE09USHJSG	119_12	1
AYHHOK9GDSWNH	119_12	1
A2KONK3TIL5KVX	119_12	1
AYHHOK9GDSWNH	119_14	1
A11GX90QFWDLMM	119_14	2
A3G0MGLBT484I1	119_14	1
A2KONK3TIL5KVX	119_14	1
A3PIXX8DQGYHGI	119_14	2
A3G0MGLBT484I1	119_15	1
A2GLG8R57PVEQU	119_15	1
AUPV5WJK85K4F	119_15	1
A18WNE09USHJSG	119_15	1
A18941IO2ZZWW6	119_15	1
A18941IO2ZZWW6	119_2	2
A18WNE09USHJSG	119_2	1
A2KONK3TIL5KVX	119_2	1
A3PIXX8DQGYHGI	119_2	2
A3G0MGLBT484I1	119_2	1
A18WNE09USHJSG	119_9	1
AUPV5WJK85K4F	119_9	1
A2KONK3TIL5KVX	119_9	1
A18941IO2ZZWW6	119_9	2
AYHHOK9GDSWNH	119_9	1
AYHHOK9GDSWNH	11_0	2
A3PIXX8DQGYHGI	11_0	2
A18WNE09USHJSG	11_0	2
A1PBRFFOTO5ZU6	11_0	2
AUPV5WJK85K4F	11_0	2
A18941IO2ZZWW6	11_1	2
A3G0MGLBT484I1	11_1	1
A3J0VZOPOGW1QC	11_1	1
AYHHOK9GDSWNH	11_1	1
A1PBRFFOTO5ZU6	11_1	1
A5C6BAAHFTJFP	11_2	1
AUPV5WJK85K4F	11_2	1
A3PIXX8DQGYHGI	11_2	2
A18WNE09USHJSG	11_2	1
A18941IO2ZZWW6	11_2	2
A3J0VZOPOGW1QC	11_3	2
A11GX90QFWDLMM	11_3	2
AUPV5WJK85K4F	11_3	2
A1PBRFFOTO5ZU6	11_3	2
AYHHOK9GDSWNH	11_3	2
A3MPXWFMR0Y2LK	120_0	1
AV05VG3COGLW0	120_0	1
A1ZMDED6CWMABK	120_0	1
A18941IO2ZZWW6	120_0	2
A2O6FTKXAJGRSQ	120_0	1
A18941IO2ZZWW6	120_1	2
AUPV5WJK85K4F	120_1	1
A11GX90QFWDLMM	120_1	2
A3PIXX8DQGYHGI	120_1	2
A3BD4NONKGONRM	120_1	1
A11GX90QFWDLMM	120_10	2
AUPV5WJK85K4F	120_10	1
A2O6FTKXAJGRSQ	120_10	1
AV05VG3COGLW0	120_10	1
A2DV8HITPQN4AJ	120_10	2
A1ZMDED6CWMABK	120_11	2
A3BD4NONKGONRM	120_11	2
A2O6FTKXAJGRSQ	120_11	2
A3PIXX8DQGYHGI	120_11	2
A18941IO2ZZWW6	120_11	2
A3BD4NONKGONRM	120_12	1
A1ZMDED6CWMABK	120_12	2
AV05VG3COGLW0	120_12	2
A2DV8HITPQN4AJ	120_12	2
A18941IO2ZZWW6	120_12	2
A2O6FTKXAJGRSQ	120_2	1
A2DV8HITPQN4AJ	120_2	1
A18941IO2ZZWW6	120_2	2
A11GX90QFWDLMM	120_2	2
A3MPXWFMR0Y2LK	120_2	2
A1ZMDED6CWMABK	120_4	1
A3BD4NONKGONRM	120_4	1
A2O6FTKXAJGRSQ	120_4	1
A18941IO2ZZWW6	120_4	2
A3MPXWFMR0Y2LK	120_4	1
A3PIXX8DQGYHGI	120_8	2
A3BD4NONKGONRM	120_8	2
AUPV5WJK85K4F	120_8	2
AV05VG3COGLW0	120_8	2
A18941IO2ZZWW6	120_8	2
A1ZMDED6CWMABK	120_9	1
A3PIXX8DQGYHGI	120_9	2
AUPV5WJK85K4F	120_9	1
A11GX90QFWDLMM	120_9	2
A2DV8HITPQN4AJ	120_9	1
AEX5NCH03LWSG	121_10	2
A2G80S3EM9SDBD	121_10	2
A3G0MGLBT484I1	121_10	1
A11GX90QFWDLMM	121_10	2
AYHHOK9GDSWNH	121_10	2
A18941IO2ZZWW6	121_11	2
A18WNE09USHJSG	121_11	2
A2G80S3EM9SDBD	121_11	2
A3G0MGLBT484I1	121_11	1
A5C6BAAHFTJFP	121_11	2
AUPV5WJK85K4F	121_12	1
A11GX90QFWDLMM	121_12	2
A3PIXX8DQGYHGI	121_12	2
A18941IO2ZZWW6	121_12	1
AEX5NCH03LWSG	121_12	1
A11GX90QFWDLMM	121_13	2
AUPV5WJK85K4F	121_13	1
A18WNE09USHJSG	121_13	1
AEX5NCH03LWSG	121_13	1
A3G0MGLBT484I1	121_13	1
AYHHOK9GDSWNH	121_14	1
A3PIXX8DQGYHGI	121_14	2
AUPV5WJK85K4F	121_14	1
A11GX90QFWDLMM	121_14	2
A2G80S3EM9SDBD	121_14	1
AYHHOK9GDSWNH	121_15	2
A18941IO2ZZWW6	121_15	2
AEX5NCH03LWSG	121_15	2
A3PIXX8DQGYHGI	121_15	2
A11GX90QFWDLMM	121_15	2
A11GX90QFWDLMM	121_17	2
A18941IO2ZZWW6	121_17	2
A1GR4JB3DODIQ1	121_17	2
AYHHOK9GDSWNH	121_17	2
AA5CLQLMVT5GA	121_17	2
AUPV5WJK85K4F	121_2	1
A2O6FTKXAJGRSQ	121_2	1
A3MPXWFMR0Y2LK	121_2	1
A2DV8HITPQN4AJ	121_2	1
A18941IO2ZZWW6	121_2	2
A3G0MGLBT484I1	121_3	1
A2G80S3EM9SDBD	121_3	2
A11GX90QFWDLMM	121_3	2
AEX5NCH03LWSG	121_3	2
AYHHOK9GDSWNH	121_3	2
A3G0MGLBT484I1	121_4	1
A3PIXX8DQGYHGI	121_4	2
AYHHOK9GDSWNH	121_4	1
AEX5NCH03LWSG	121_4	1
A18WNE09USHJSG	121_4	1
A11GX90QFWDLMM	121_5	2
A18941IO2ZZWW6	121_5	1
A5C6BAAHFTJFP	121_5	2
A2G80S3EM9SDBD	121_5	2
A3PIXX8DQGYHGI	121_5	2
A18941IO2ZZWW6	121_6	1
A5C6BAAHFTJFP	121_6	1
A3PIXX8DQGYHGI	121_6	2
A2G80S3EM9SDBD	121_6	1
A3G0MGLBT484I1	121_6	1
A3MPXWFMR0Y2LK	122_0	1
A3PIXX8DQGYHGI	122_0	2
A18941IO2ZZWW6	122_0	2
AUPV5WJK85K4F	122_0	1
A3G0MGLBT484I1	122_0	1
A1GR4JB3DODIQ1	122_1	2
AYHHOK9GDSWNH	122_1	2
A3G0MGLBT484I1	122_1	1
A3MPXWFMR0Y2LK	122_1	2
A3PIXX8DQGYHGI	122_1	2
A11GX90QFWDLMM	122_9	2
A1GR4JB3DODIQ1	122_9	1
A18941IO2ZZWW6	122_9	2
AA5CLQLMVT5GA	122_9	1
A3PIXX8DQGYHGI	122_9	2
A3G0MGLBT484I1	123_10	1
A3MPXWFMR0Y2LK	123_10	1
AYHHOK9GDSWNH	123_10	2
A11GX90QFWDLMM	123_10	2
A18941IO2ZZWW6	123_10	1
A9K43JFO379YG	123_11	2
AA5CLQLMVT5GA	123_11	2
AUPV5WJK85K4F	123_11	2
A11GX90QFWDLMM	123_11	2
A3MPXWFMR0Y2LK	123_11	2
AUPV5WJK85K4F	123_13	1
AYHHOK9GDSWNH	123_13	1
A18941IO2ZZWW6	123_13	1
A11GX90QFWDLMM	123_13	2
A3G0MGLBT484I1	123_13	1
A3PIXX8DQGYHGI	123_14	2
AYHHOK9GDSWNH	123_14	1
A18WNE09USHJSG	123_14	1
A3G0MGLBT484I1	123_14	1
A5C6BAAHFTJFP	123_14	1
A18WNE09USHJSG	123_15	1
AEX5NCH03LWSG	123_15	1
A3PIXX8DQGYHGI	123_15	2
A3G0MGLBT484I1	123_15	1
AUPV5WJK85K4F	123_15	1
AYHHOK9GDSWNH	123_18	1
AEX5NCH03LWSG	123_18	1
AUPV5WJK85K4F	123_18	1
A18941IO2ZZWW6	123_18	2
A11GX90QFWDLMM	123_18	2
A3G0MGLBT484I1	123_2	1
AA5CLQLMVT5GA	123_2	2
A9K43JFO379YG	123_2	2
A18941IO2ZZWW6	123_2	2
AUPV5WJK85K4F	123_2	1
A3PIXX8DQGYHGI	123_6	2
A1GR4JB3DODIQ1	123_6	2
A3MPXWFMR0Y2LK	123_6	1
A11GX90QFWDLMM	123_6	2
AUPV5WJK85K4F	123_6	2
A18941IO2ZZWW6	123_9	2
A11GX90QFWDLMM	123_9	2
AA5CLQLMVT5GA	123_9	2
A3PIXX8DQGYHGI	123_9	2
AUPV5WJK85K4F	123_9	2
AUPV5WJK85K4F	124_0	1
A18WNE09USHJSG	124_0	1
A3PIXX8DQGYHGI	124_0	2
A18941IO2ZZWW6	124_0	2
A5C6BAAHFTJFP	124_0	1
A18WNE09USHJSG	124_1	1
A3G0MGLBT484I1	124_1	1
AEX5NCH03LWSG	124_1	1
AUPV5WJK85K4F	124_1	1
A5C6BAAHFTJFP	124_1	1
A1UV8TD7KO88IM	127_0	2
AYHHOK9GDSWNH	127_0	2
A3PIXX8DQGYHGI	127_0	2
A3G0MGLBT484I1	127_0	1
AEX5NCH03LWSG	127_0	2
A3G0MGLBT484I1	127_2	1
AEX5NCH03LWSG	127_2	2
A18941IO2ZZWW6	127_2	2
A5C6BAAHFTJFP	127_2	2
AUPV5WJK85K4F	127_2	2
A3PIXX8DQGYHGI	128_10	2
AEX5NCH03LWSG	128_10	2
AEU1NROWHLIJF	128_10	1
A2G80S3EM9SDBD	128_10	2
AYHHOK9GDSWNH	128_10	2
AEX5NCH03LWSG	128_11	1
AYHHOK9GDSWNH	128_11	1
A11GX90QFWDLMM	128_11	2
A18WNE09USHJSG	128_11	1
A3PIXX8DQGYHGI	128_11	2
A3PIXX8DQGYHGI	128_12	2
AYHHOK9GDSWNH	128_12	1
A5C6BAAHFTJFP	128_12	1
A2G80S3EM9SDBD	128_12	1
A11GX90QFWDLMM	128_12	2
A5C6BAAHFTJFP	128_2	2
AYHHOK9GDSWNH	128_2	1
A3PIXX8DQGYHGI	128_2	2
AEX5NCH03LWSG	128_2	1
A3G0MGLBT484I1	128_2	1
AYHHOK9GDSWNH	128_3	1
A18941IO2ZZWW6	128_3	1
AEX5NCH03LWSG	128_3	1
AUPV5WJK85K4F	128_3	1
A5C6BAAHFTJFP	128_3	1
A5C6BAAHFTJFP	128_4	1
A18941IO2ZZWW6	128_4	1
A1UV8TD7KO88IM	128_4	1
A3G0MGLBT484I1	128_4	1
AYHHOK9GDSWNH	128_4	1
AEX5NCH03LWSG	128_7	2
A3PIXX8DQGYHGI	128_7	2
AYHHOK9GDSWNH	128_7	2
A18WNE09USHJSG	128_7	2
AEU1NROWHLIJF	128_7	2
AEX5NCH03LWSG	128_8	1
A18WNE09USHJSG	128_8	1
AEU1NROWHLIJF	128_8	1
A5C6BAAHFTJFP	128_8	1
A2G80S3EM9SDBD	128_8	1
AUPV5WJK85K4F	128_9	2
A2G80S3EM9SDBD	128_9	2
A11GX90QFWDLMM	128_9	2
AEU1NROWHLIJF	128_9	2
AEX5NCH03LWSG	128_9	2
A5C6BAAHFTJFP	130_2	2
A3G0MGLBT484I1	130_2	1
AUPV5WJK85K4F	130_2	2
A2G80S3EM9SDBD	130_2	2
AYHHOK9GDSWNH	130_2	2
A3PIXX8DQGYHGI	132_0	2
AYHHOK9GDSWNH	132_0	1
AEU1NROWHLIJF	132_0	1
A11GX90QFWDLMM	132_0	2
A18WNE09USHJSG	132_0	1
AEX5NCH03LWSG	133_3	2
A18WNE09USHJSG	133_3	2
A3G0MGLBT484I1	133_3	1
A3PIXX8DQGYHGI	133_3	1
AEU1NROWHLIJF	133_3	2
A2G80S3EM9SDBD	133_4	2
A3PIXX8DQGYHGI	133_4	2
AEU1NROWHLIJF	133_4	2
A5C6BAAHFTJFP	133_4	2
A3G0MGLBT484I1	133_4	1
A2VKPMR5HCCZF5	134_1	2
A1VG58HXS2O3JX	134_1	1
A18WNE09USHJSG	134_1	2
A1GR4JB3DODIQ1	134_1	2
A3G0MGLBT484I1	134_1	1
A18941IO2ZZWW6	134_7	2
A18WNE09USHJSG	134_7	1
AYHHOK9GDSWNH	134_7	1
A3G0MGLBT484I1	134_7	1
AUPV5WJK85K4F	134_7	1
A3PIXX8DQGYHGI	134_8	2
A18941IO2ZZWW6	134_8	2
A11GX90QFWDLMM	134_8	2
AYHHOK9GDSWNH	134_8	1
A3G0MGLBT484I1	134_8	1
A1VG58HXS2O3JX	139_0	1
AYHHOK9GDSWNH	139_0	2
A18WNE09USHJSG	139_0	2
A2VKPMR5HCCZF5	139_0	2
A3G0MGLBT484I1	139_0	1
AYHHOK9GDSWNH	13_1	2
A5C6BAAHFTJFP	13_1	2
A11GX90QFWDLMM	13_1	2
A18WNE09USHJSG	13_1	2
A3J0VZOPOGW1QC	13_1	2
AYHHOK9GDSWNH	13_2	1
A5C6BAAHFTJFP	13_2	1
A18941IO2ZZWW6	13_2	2
AUPV5WJK85K4F	13_2	1
A3G0MGLBT484I1	13_2	1
A1PBRFFOTO5ZU6	13_3	1
A3J0VZOPOGW1QC	13_3	1
A3G0MGLBT484I1	13_3	1
A5C6BAAHFTJFP	13_3	1
A11GX90QFWDLMM	13_3	1
AYHHOK9GDSWNH	13_4	1
A11GX90QFWDLMM	13_4	2
AUPV5WJK85K4F	13_4	1
A18WNE09USHJSG	13_4	1
A1PBRFFOTO5ZU6	13_4	1
A18941IO2ZZWW6	13_6	1
A3G0MGLBT484I1	13_6	1
A5C6BAAHFTJFP	13_6	2
A1PBRFFOTO5ZU6	13_6	2
A3J0VZOPOGW1QC	13_6	2
AUPV5WJK85K4F	140_0	2
A3PIXX8DQGYHGI	140_0	2
A18WNE09USHJSG	140_0	2
AYHHOK9GDSWNH	140_0	2
A11GX90QFWDLMM	140_0	2
A1GR4JB3DODIQ1	140_2	1
AUPV5WJK85K4F	140_2	1
A18941IO2ZZWW6	140_2	2
A11GX90QFWDLMM	140_2	2
A18WNE09USHJSG	140_2	1
A3PIXX8DQGYHGI	141_0	2
AYHHOK9GDSWNH	141_0	1
A18WNE09USHJSG	141_0	1
A1VG58HXS2O3JX	141_0	1
AUPV5WJK85K4F	141_0	1
A3G0MGLBT484I1	141_1	1
A18WNE09USHJSG	141_1	2
A1VG58HXS2O3JX	141_1	1
A3PIXX8DQGYHGI	141_1	2
AYHHOK9GDSWNH	141_1	2
AUPV5WJK85K4F	141_4	2
A3G0MGLBT484I1	141_4	1
AYHHOK9GDSWNH	141_4	2
A1GR4JB3DODIQ1	141_4	2
A18941IO2ZZWW6	141_4	2
A1VG58HXS2O3JX	141_5	1
A2VKPMR5HCCZF5	141_5	2
A18WNE09USHJSG	141_5	2
A3PIXX8DQGYHGI	141_5	2
A3G0MGLBT484I1	141_5	1
A3PIXX8DQGYHGI	141_6	2
A2O6FTKXAJGRSQ	141_6	2
A1PBRFFOTO5ZU6	141_6	1
A11GX90QFWDLMM	141_6	2
A2KONK3TIL5KVX	141_6	1
A2VKPMR5HCCZF5	141_9	2
A1YG3DEOOKQYTA	141_9	1
A18941IO2ZZWW6	141_9	2
A11GX90QFWDLMM	141_9	2
A2O6FTKXAJGRSQ	141_9	1
A1PBRFFOTO5ZU6	142_1	1
A2VKPMR5HCCZF5	142_1	1
A3PIXX8DQGYHGI	142_1	2
A2O6FTKXAJGRSQ	142_1	1
A11GX90QFWDLMM	142_1	2
A2VKPMR5HCCZF5	146_2	1
A3G0MGLBT484I1	146_2	1
A11GX90QFWDLMM	146_2	2
A18941IO2ZZWW6	146_2	2
A1YG3DEOOKQYTA	146_2	1
A3G0MGLBT484I1	146_9	1
AEPI85FMNTIA8	146_9	1
A2O6FTKXAJGRSQ	146_9	1
A2VKPMR5HCCZF5	146_9	1
A11GX90QFWDLMM	146_9	1
A2VKPMR5HCCZF5	147_0	1
A3G0MGLBT484I1	147_0	1
AEPI85FMNTIA8	147_0	1
A1YG3DEOOKQYTA	147_0	1
A3PIXX8DQGYHGI	147_0	2
A2KONK3TIL5KVX	147_1	1
A3G0MGLBT484I1	147_1	1
A2VKPMR5HCCZF5	147_1	2
A11GX90QFWDLMM	147_1	2
A2O6FTKXAJGRSQ	147_1	2
A3JWUNYRV5KTUS	147_10	2
A18941IO2ZZWW6	147_10	1
A11GX90QFWDLMM	147_10	2
AZ37E749R4SUA	147_10	2
A1KFIQBETMB81I	147_10	2
A1KFIQBETMB81I	147_12	1
A11GX90QFWDLMM	147_12	2
A1PBRFFOTO5ZU6	147_12	1
A18941IO2ZZWW6	147_12	2
A2DTM58I82M96Y	147_12	1
A1PBRFFOTO5ZU6	147_13	1
A3JWUNYRV5KTUS	147_13	1
AZ37E749R4SUA	147_13	1
AK7YVYGMIF6T0	147_13	1
A1KFIQBETMB81I	147_13	1
A1KFIQBETMB81I	147_14	2
A3MPXWFMR0Y2LK	147_14	1
A3JWUNYRV5KTUS	147_14	2
A1PBRFFOTO5ZU6	147_14	2
A18941IO2ZZWW6	147_14	2
A1KFIQBETMB81I	147_15	2
A1PBRFFOTO5ZU6	147_15	2
AK7YVYGMIF6T0	147_15	2
A3PIXX8DQGYHGI	147_15	2
AZ37E749R4SUA	147_15	2
A3MPXWFMR0Y2LK	147_17	2
A11GX90QFWDLMM	147_17	2
AZ37E749R4SUA	147_17	2
AK7YVYGMIF6T0	147_17	2
A3PIXX8DQGYHGI	147_17	2
A18941IO2ZZWW6	147_19	1
AZ37E749R4SUA	147_19	1
A3MPXWFMR0Y2LK	147_19	1
A1KFIQBETMB81I	147_19	1
AK7YVYGMIF6T0	147_19	1
A2KONK3TIL5KVX	147_2	1
A2O6FTKXAJGRSQ	147_2	1
AEPI85FMNTIA8	147_2	1
A1PBRFFOTO5ZU6	147_2	1
A18941IO2ZZWW6	147_2	2
A1PBRFFOTO5ZU6	147_20	2
A11GX90QFWDLMM	147_20	2
A3MPXWFMR0Y2LK	147_20	1
A3PIXX8DQGYHGI	147_20	2
A18941IO2ZZWW6	147_20	2
A2KONK3TIL5KVX	147_5	1
A11GX90QFWDLMM	147_5	2
A1YG3DEOOKQYTA	147_5	1
A18941IO2ZZWW6	147_5	2
AEPI85FMNTIA8	147_5	2
A2VKPMR5HCCZF5	147_6	2
A11GX90QFWDLMM	147_6	2
A18941IO2ZZWW6	147_6	2
A3G0MGLBT484I1	147_6	1
A2KONK3TIL5KVX	147_6	1
A1PBRFFOTO5ZU6	147_7	1
A18941IO2ZZWW6	147_7	2
A3PIXX8DQGYHGI	147_7	2
A3JWUNYRV5KTUS	147_7	1
A3MPXWFMR0Y2LK	147_7	1
A3MPXWFMR0Y2LK	148_0	1
A1PBRFFOTO5ZU6	148_0	1
A11GX90QFWDLMM	148_0	2
A3JWUNYRV5KTUS	148_0	1
AK7YVYGMIF6T0	148_0	1
AYHHOK9GDSWNH	148_1	1
A11GX90QFWDLMM	148_1	2
AUPV5WJK85K4F	148_1	1
A3G0MGLBT484I1	148_1	1
A2KONK3TIL5KVX	148_1	1
AYHHOK9GDSWNH	148_2	1
A3FLN53WRJ0C7W	148_2	1
A2KONK3TIL5KVX	148_2	1
A18941IO2ZZWW6	148_2	1
A3PIXX8DQGYHGI	148_2	2
A3MPXWFMR0Y2LK	149_10	1
A3G0MGLBT484I1	149_10	1
A18941IO2ZZWW6	149_10	1
A3PIXX8DQGYHGI	149_10	2
AUPV5WJK85K4F	149_10	1
A18WNE09USHJSG	149_12	1
A2KONK3TIL5KVX	149_12	1
A11GX90QFWDLMM	149_12	2
AUPV5WJK85K4F	149_12	1
A3MPXWFMR0Y2LK	149_12	1
A3PIXX8DQGYHGI	149_13	2
A3FLN53WRJ0C7W	149_13	1
AYHHOK9GDSWNH	149_13	1
A18941IO2ZZWW6	149_13	2
A18WNE09USHJSG	149_13	1
AYHHOK9GDSWNH	149_2	1
A11GX90QFWDLMM	149_2	2
AUPV5WJK85K4F	149_2	1
A3G0MGLBT484I1	149_2	1
A18WNE09USHJSG	149_2	1
A3G0MGLBT484I1	149_3	1
A3FLN53WRJ0C7W	149_3	1
A3PIXX8DQGYHGI	149_3	2
AUPV5WJK85K4F	149_3	2
A2KONK3TIL5KVX	149_3	1
AUPV5WJK85K4F	149_5	1
A2KONK3TIL5KVX	149_5	1
A3MPXWFMR0Y2LK	149_5	1
AYHHOK9GDSWNH	149_5	1
A18941IO2ZZWW6	149_5	1
AYHHOK9GDSWNH	149_7	1
A3G0MGLBT484I1	149_7	1
A18WNE09USHJSG	149_7	2
AUPV5WJK85K4F	149_7	1
A18941IO2ZZWW6	149_7	1
A18941IO2ZZWW6	149_8	1
A3FLN53WRJ0C7W	149_8	1
A3MPXWFMR0Y2LK	149_8	1
A3PIXX8DQGYHGI	149_8	2
A18WNE09USHJSG	149_8	1
AUPV5WJK85K4F	150_0	2
AYHHOK9GDSWNH	150_0	2
A1EPIK54UEQYQB	150_0	2
A3G0MGLBT484I1	150_0	1
A18941IO2ZZWW6	150_0	1
AYHHOK9GDSWNH	150_3	2
AZE6KLDFEXBM0	150_3	2
A3PIXX8DQGYHGI	150_3	2
A18WNE09USHJSG	150_3	2
AUPV5WJK85K4F	150_3	2
A26J29AVWFIMNY	151_0	1
A11GX90QFWDLMM	151_0	2
A18WNE09USHJSG	151_0	1
A3PIXX8DQGYHGI	151_0	2
A1EPIK54UEQYQB	151_0	1
A18WNE09USHJSG	151_3	1
AYHHOK9GDSWNH	151_3	1
A1EPIK54UEQYQB	151_3	1
A3G0MGLBT484I1	151_3	1
A3PIXX8DQGYHGI	151_3	2
A3PIXX8DQGYHGI	153_2	2
AZE6KLDFEXBM0	153_2	1
AUPV5WJK85K4F	153_2	1
AYHHOK9GDSWNH	153_2	1
A3G0MGLBT484I1	153_2	1
AYHHOK9GDSWNH	154_1	2
A3G0MGLBT484I1	154_1	1
A1EPIK54UEQYQB	154_1	2
A18941IO2ZZWW6	154_1	2
AZE6KLDFEXBM0	154_1	1
A26J29AVWFIMNY	154_11	2
A18941IO2ZZWW6	154_11	2
AZE6KLDFEXBM0	154_11	2
A3G0MGLBT484I1	154_11	1
A3PIXX8DQGYHGI	154_11	2
A26J29AVWFIMNY	154_13	1
A11GX90QFWDLMM	154_13	1
AUPV5WJK85K4F	154_13	2
AYHHOK9GDSWNH	154_13	1
A1EPIK54UEQYQB	154_13	1
A18941IO2ZZWW6	154_14	2
AUPV5WJK85K4F	154_14	2
A3PIXX8DQGYHGI	154_14	2
A1ER3JLKRM3046	154_14	2
A11GX90QFWDLMM	154_14	2
A1ER3JLKRM3046	154_15	1
A11GX90QFWDLMM	154_15	2
A20BKXSNZS2O3J	154_15	1
A2KONK3TIL5KVX	154_15	1
A18941IO2ZZWW6	154_15	2
A3PIXX8DQGYHGI	154_17	2
A18941IO2ZZWW6	154_17	2
AUPV5WJK85K4F	154_17	1
A11GX90QFWDLMM	154_17	2
A1DE9XQJ5FSGIB	154_17	1
A3PIXX8DQGYHGI	154_18	2
AUPV5WJK85K4F	154_18	1
A18941IO2ZZWW6	154_18	2
A1ER3JLKRM3046	154_18	1
A11GX90QFWDLMM	154_18	2
A18941IO2ZZWW6	154_4	2
A1EPIK54UEQYQB	154_4	1
AYHHOK9GDSWNH	154_4	1
AZE6KLDFEXBM0	154_4	1
A18WNE09USHJSG	154_4	1
AZE6KLDFEXBM0	154_8	1
AUPV5WJK85K4F	154_8	1
A1EPIK54UEQYQB	154_8	1
A3G0MGLBT484I1	154_8	1
A18WNE09USHJSG	154_8	1
A2KONK3TIL5KVX	156_1	1
A1PBRFFOTO5ZU6	156_1	2
A2OZTBCBOCHF9E	156_1	1
A20BKXSNZS2O3J	156_1	1
A1ER3JLKRM3046	156_1	2
A1PBRFFOTO5ZU6	157_0	2
A2OZTBCBOCHF9E	157_0	1
A1DE9XQJ5FSGIB	157_0	1
A20BKXSNZS2O3J	157_0	1
A3PIXX8DQGYHGI	157_0	2
AUPV5WJK85K4F	157_11	2
A18941IO2ZZWW6	157_11	2
A20BKXSNZS2O3J	157_11	2
A1DE9XQJ5FSGIB	157_11	1
A2OZTBCBOCHF9E	157_11	1
A2MIF2GUSZLJ0X	157_12	1
A11GX90QFWDLMM	157_12	2
AYHHOK9GDSWNH	157_12	2
A3MPXWFMR0Y2LK	157_12	2
A3G0MGLBT484I1	157_12	1
AUPV5WJK85K4F	157_7	2
A1DE9XQJ5FSGIB	157_7	2
A18941IO2ZZWW6	157_7	1
A3PIXX8DQGYHGI	157_7	2
A2OZTBCBOCHF9E	157_7	1
A11GX90QFWDLMM	157_8	2
A18941IO2ZZWW6	157_8	2
A3PIXX8DQGYHGI	157_8	2
A1ER3JLKRM3046	157_8	2
A1DE9XQJ5FSGIB	157_8	2
A11GX90QFWDLMM	157_9	2
AUPV5WJK85K4F	157_9	2
A18941IO2ZZWW6	157_9	2
A1DE9XQJ5FSGIB	157_9	2
A1PBRFFOTO5ZU6	157_9	2
A18941IO2ZZWW6	158_1	1
A2MIF2GUSZLJ0X	158_1	1
AYHHOK9GDSWNH	158_1	2
A3PIXX8DQGYHGI	158_1	2
A11GX90QFWDLMM	158_1	2
A3G0MGLBT484I1	158_3	1
A2G80S3EM9SDBD	158_3	1
AYHHOK9GDSWNH	158_3	1
AUPV5WJK85K4F	158_3	1
A3PIXX8DQGYHGI	158_3	2
A3PIXX8DQGYHGI	161_6	2
A3G0MGLBT484I1	161_6	1
A3BD4NONKGONRM	161_6	1
A2G80S3EM9SDBD	161_6	1
AYHHOK9GDSWNH	161_6	1
A3BD4NONKGONRM	162_0	2
AUPV5WJK85K4F	162_0	2
AYHHOK9GDSWNH	162_0	2
A3G0MGLBT484I1	162_0	1
A2G80S3EM9SDBD	162_0	2
A11GX90QFWDLMM	163_0	2
A18941IO2ZZWW6	163_0	1
A3G0MGLBT484I1	163_0	1
A3MPXWFMR0Y2LK	163_0	1
A2MIF2GUSZLJ0X	163_0	1
AUPV5WJK85K4F	163_3	1
A2MIF2GUSZLJ0X	163_3	1
A3G0MGLBT484I1	163_3	1
A2G80S3EM9SDBD	163_3	1
A3MPXWFMR0Y2LK	163_3	1
A2MIF2GUSZLJ0X	164_0	1
A18941IO2ZZWW6	164_0	1
AYHHOK9GDSWNH	164_0	2
A3G0MGLBT484I1	164_0	1
A3BD4NONKGONRM	164_0	2
A18941IO2ZZWW6	164_12	2
ATJQTHNPVWH9	164_12	1
A2KONK3TIL5KVX	164_12	1
A3MPXWFMR0Y2LK	164_12	1
A3PIXX8DQGYHGI	164_12	2
AK7YVYGMIF6T0	164_13	1
ATJQTHNPVWH9	164_13	1
A11GX90QFWDLMM	164_13	2
A2GLG8R57PVEQU	164_13	1
A2O6FTKXAJGRSQ	164_13	1
A18941IO2ZZWW6	164_15	2
A3MPXWFMR0Y2LK	164_15	2
AK7YVYGMIF6T0	164_15	2
A2KONK3TIL5KVX	164_15	1
A11GX90QFWDLMM	164_15	2
A11GX90QFWDLMM	164_17	2
AK7YVYGMIF6T0	164_17	1
A2GLG8R57PVEQU	164_17	1
AUPV5WJK85K4F	164_17	1
A3PIXX8DQGYHGI	164_17	2
AUPV5WJK85K4F	164_18	1
AK7YVYGMIF6T0	164_18	2
A2KONK3TIL5KVX	164_18	1
A3PIXX8DQGYHGI	164_18	2
A11GX90QFWDLMM	164_18	1
AUPV5WJK85K4F	164_19	1
ATJQTHNPVWH9	164_19	1
A2KONK3TIL5KVX	164_19	1
A18941IO2ZZWW6	164_19	2
A3MPXWFMR0Y2LK	164_19	1
AUPV5WJK85K4F	164_3	1
A3MPXWFMR0Y2LK	164_3	1
A3PIXX8DQGYHGI	164_3	2
AYHHOK9GDSWNH	164_3	1
A2G80S3EM9SDBD	164_3	1
A3MPXWFMR0Y2LK	164_4	1
A3G0MGLBT484I1	164_4	1
A18941IO2ZZWW6	164_4	1
A2G80S3EM9SDBD	164_4	1
A11GX90QFWDLMM	164_4	1
A2GLG8R57PVEQU	164_6	2
ATJQTHNPVWH9	164_6	2
A2O6FTKXAJGRSQ	164_6	2
A3PIXX8DQGYHGI	164_6	2
A18941IO2ZZWW6	164_6	2
AK7YVYGMIF6T0	164_7	1
A2KONK3TIL5KVX	164_7	1
A11GX90QFWDLMM	164_7	2
ATJQTHNPVWH9	164_7	1
A2GLG8R57PVEQU	164_7	1
ATJQTHNPVWH9	164_8	1
A11GX90QFWDLMM	164_8	2
A3PIXX8DQGYHGI	164_8	2
A2O6FTKXAJGRSQ	164_8	1
A2KONK3TIL5KVX	164_8	1
AK7YVYGMIF6T0	165_2	1
A11GX90QFWDLMM	165_2	2
AUPV5WJK85K4F	165_2	2
A2GLG8R57PVEQU	165_2	2
A18941IO2ZZWW6	165_2	2
A11GX90QFWDLMM	165_4	2
AYHHOK9GDSWNH	165_4	2
A3J0VZOPOGW1QC	165_4	2
A18941IO2ZZWW6	165_4	2
AEX5NCH03LWSG	165_4	2
AEX5NCH03LWSG	166_1	1
A3J0VZOPOGW1QC	166_1	1
AYHHOK9GDSWNH	166_1	1
A11GX90QFWDLMM	166_1	2
A3G0MGLBT484I1	166_1	1
A18941IO2ZZWW6	166_10	2
A3PIXX8DQGYHGI	166_10	2
AEX5NCH03LWSG	166_10	1
A3J0VZOPOGW1QC	166_10	2
A11GX90QFWDLMM	166_10	2
AEX5NCH03LWSG	166_11	1
A3J0VZOPOGW1QC	166_11	1
A3G0MGLBT484I1	166_11	1
A2KONK3TIL5KVX	166_11	1
AUPV5WJK85K4F	166_11	1
A11GX90QFWDLMM	166_12	2
A2KONK3TIL5KVX	166_12	1
A3G0MGLBT484I1	166_12	1
A18941IO2ZZWW6	166_12	2
A3PIXX8DQGYHGI	166_12	2
A2VKPMR5HCCZF5	166_16	1
A1IYVTS4ZVIGSE	166_16	1
A18WNE09USHJSG	166_16	1
A18941IO2ZZWW6	166_16	2
AYHHOK9GDSWNH	166_16	1
A18WNE09USHJSG	166_4	1
A2KONK3TIL5KVX	166_4	1
A3G0MGLBT484I1	166_4	1
A3PIXX8DQGYHGI	166_4	2
A11GX90QFWDLMM	166_4	2
A18941IO2ZZWW6	166_5	2
A3J0VZOPOGW1QC	166_5	2
A3G0MGLBT484I1	166_5	1
AYHHOK9GDSWNH	166_5	2
A11GX90QFWDLMM	166_5	2
A3PIXX8DQGYHGI	166_6	2
A18WNE09USHJSG	166_6	2
AUPV5WJK85K4F	166_6	2
A3J0VZOPOGW1QC	166_6	2
A18941IO2ZZWW6	166_6	2
A11GX90QFWDLMM	166_8	2
AUPV5WJK85K4F	166_8	2
A3G0MGLBT484I1	166_8	1
A2KONK3TIL5KVX	166_8	1
AYHHOK9GDSWNH	166_8	2
A2KONK3TIL5KVX	166_9	1
A11GX90QFWDLMM	166_9	2
A3J0VZOPOGW1QC	166_9	2
A3G0MGLBT484I1	166_9	1
A18941IO2ZZWW6	166_9	2
A2VKPMR5HCCZF5	167_3	1
A18941IO2ZZWW6	167_3	2
A11GX90QFWDLMM	167_3	2
AZE6KLDFEXBM0	167_3	1
AYHHOK9GDSWNH	167_3	1
A18WNE09USHJSG	167_5	2
A11GX90QFWDLMM	167_5	2
A3PIXX8DQGYHGI	167_5	2
A2VKPMR5HCCZF5	167_5	2
A3G0MGLBT484I1	167_5	1
AZE6KLDFEXBM0	168_6	1
A1IYVTS4ZVIGSE	168_6	1
A3G0MGLBT484I1	168_6	1
AYHHOK9GDSWNH	168_6	1
AUPV5WJK85K4F	168_6	1
A3PIXX8DQGYHGI	168_8	2
A1IYVTS4ZVIGSE	168_8	2
AUPV5WJK85K4F	168_8	2
A2VKPMR5HCCZF5	168_8	2
A18WNE09USHJSG	168_8	2
A2VKPMR5HCCZF5	169_3	2
AZE6KLDFEXBM0	169_3	2
A3PIXX8DQGYHGI	169_3	2
A3G0MGLBT484I1	169_3	1
AYHHOK9GDSWNH	169_3	2
A18941IO2ZZWW6	16_1	1
A3MPXWFMR0Y2LK	16_1	1
A1EPIK54UEQYQB	16_1	1
A3PIXX8DQGYHGI	16_1	2
AUPV5WJK85K4F	16_1	1
A1EPIK54UEQYQB	16_3	1
A3PIXX8DQGYHGI	16_3	2
A33QAD7EN7F6XX	16_3	1
A18941IO2ZZWW6	16_3	1
AA5CLQLMVT5GA	16_3	1
AUPV5WJK85K4F	16_7	1
A2VKPMR5HCCZF5	16_7	1
AA5CLQLMVT5GA	16_7	1
A11GX90QFWDLMM	16_7	2
A33QAD7EN7F6XX	16_7	1
A1IYVTS4ZVIGSE	171_10	2
AYHHOK9GDSWNH	171_10	2
A3G0MGLBT484I1	171_10	1
A3PIXX8DQGYHGI	171_10	2
A2VKPMR5HCCZF5	171_10	2
AZE6KLDFEXBM0	171_3	1
A3PIXX8DQGYHGI	171_3	2
AUPV5WJK85K4F	171_3	1
A18WNE09USHJSG	171_3	1
A18941IO2ZZWW6	171_3	2
A3PIXX8DQGYHGI	171_5	2
A18941IO2ZZWW6	171_5	2
AYHHOK9GDSWNH	171_5	2
A3G0MGLBT484I1	171_5	1
A18WNE09USHJSG	171_5	2
A3G0MGLBT484I1	171_6	1
A2VKPMR5HCCZF5	171_6	2
A18941IO2ZZWW6	171_6	2
AUPV5WJK85K4F	171_6	2
AYHHOK9GDSWNH	171_6	2
AUPV5WJK85K4F	172_0	1
AYHHOK9GDSWNH	172_0	1
A3MPXWFMR0Y2LK	172_0	1
A3PIXX8DQGYHGI	172_0	2
A1123L7ANYUTG0	172_0	1
A11GX90QFWDLMM	172_1	2
A1123L7ANYUTG0	172_1	1
A18941IO2ZZWW6	172_1	2
A3MPXWFMR0Y2LK	172_1	1
AUPV5WJK85K4F	172_1	1
A2O6FTKXAJGRSQ	172_3	2
A3PIXX8DQGYHGI	172_3	2
A1123L7ANYUTG0	172_3	2
A18941IO2ZZWW6	172_3	2
AYHHOK9GDSWNH	172_3	2
A2O6FTKXAJGRSQ	172_5	1
A1123L7ANYUTG0	172_5	1
AYHHOK9GDSWNH	172_5	2
A3MPXWFMR0Y2LK	172_5	1
A3PIXX8DQGYHGI	172_5	2
AYHHOK9GDSWNH	172_6	1
A2O6FTKXAJGRSQ	172_6	1
A3G0MGLBT484I1	172_6	1
A18941IO2ZZWW6	172_6	2
A3MPXWFMR0Y2LK	172_6	1
A1123L7ANYUTG0	173_0	2
A18941IO2ZZWW6	173_0	2
A3G0MGLBT484I1	173_0	1
A3MPXWFMR0Y2LK	173_0	2
AYHHOK9GDSWNH	173_0	2
AUPV5WJK85K4F	173_2	1
A18941IO2ZZWW6	173_2	2
A3PIXX8DQGYHGI	173_2	2
A3G0MGLBT484I1	173_2	1
A3MPXWFMR0Y2LK	173_2	1
A18941IO2ZZWW6	174_2	2
AYHHOK9GDSWNH	174_2	1
A3MPXWFMR0Y2LK	174_2	1
A2O6FTKXAJGRSQ	174_2	1
A3G0MGLBT484I1	174_2	1
A3G0MGLBT484I1	175_2	1
A3PIXX8DQGYHGI	175_2	2
A2O6FTKXAJGRSQ	175_2	2
A3MPXWFMR0Y2LK	175_2	2
AYHHOK9GDSWNH	175_2	2
A1123L7ANYUTG0	175_3	1
A18941IO2ZZWW6	175_3	2
A18WNE09USHJSG	175_3	1
A11GX90QFWDLMM	175_3	2
AYHHOK9GDSWNH	175_3	1
A18941IO2ZZWW6	175_4	2
A3BD4NONKGONRM	175_4	2
A2O6FTKXAJGRSQ	175_4	2
A3G0MGLBT484I1	175_4	1
AUPV5WJK85K4F	175_4	1
A3G0MGLBT484I1	175_6	1
AUPV5WJK85K4F	175_6	2
A18941IO2ZZWW6	175_6	2
A3OHQRF1MDQ99B	175_6	2
A11GX90QFWDLMM	175_6	2
AUPV5WJK85K4F	175_9	2
A2O6FTKXAJGRSQ	175_9	2
A3G0MGLBT484I1	175_9	1
A3BD4NONKGONRM	175_9	2
AM7BYJ804O5TF	175_9	2
A2O6FTKXAJGRSQ	176_1	2
A3PIXX8DQGYHGI	176_1	2
AUPV5WJK85K4F	176_1	1
A3G0MGLBT484I1	176_1	1
A3OHQRF1MDQ99B	176_1	1
AUPV5WJK85K4F	176_12	2
A3BD4NONKGONRM	176_12	2
A3G0MGLBT484I1	176_12	1
A18941IO2ZZWW6	176_12	2
A3MPXWFMR0Y2LK	176_12	2
A3MPXWFMR0Y2LK	176_4	1
A18941IO2ZZWW6	176_4	1
A3G0MGLBT484I1	176_4	1
AUPV5WJK85K4F	176_4	1
A3BD4NONKGONRM	176_4	1
AM7BYJ804O5TF	176_6	2
A11GX90QFWDLMM	176_6	1
A3PIXX8DQGYHGI	176_6	2
A2O6FTKXAJGRSQ	176_6	1
A3BD4NONKGONRM	176_6	1
AM7BYJ804O5TF	176_7	1
A3OHQRF1MDQ99B	176_7	1
A3PIXX8DQGYHGI	176_7	2
A3G0MGLBT484I1	176_7	1
A3MPXWFMR0Y2LK	176_7	1
AUPV5WJK85K4F	17_0	2
A3MPXWFMR0Y2LK	17_0	2
AA5CLQLMVT5GA	17_0	2
A33QAD7EN7F6XX	17_0	2
A1EPIK54UEQYQB	17_0	2
A3MPXWFMR0Y2LK	17_3	2
AA5CLQLMVT5GA	17_3	1
A1EPIK54UEQYQB	17_3	2
A33QAD7EN7F6XX	17_3	2
A11GX90QFWDLMM	17_3	2
AM7BYJ804O5TF	180_2	2
AUPV5WJK85K4F	180_2	2
A3OHQRF1MDQ99B	180_2	2
A2O6FTKXAJGRSQ	180_2	2
A3G0MGLBT484I1	180_2	1
A3BD4NONKGONRM	182_7	2
AM7BYJ804O5TF	182_7	2
A3PIXX8DQGYHGI	182_7	2
A11GX90QFWDLMM	182_7	2
A3G0MGLBT484I1	182_7	1
A11GX90QFWDLMM	19_0	2
A2Q547UYDL9SFU	19_0	1
AA5CLQLMVT5GA	19_0	2
A2VKPMR5HCCZF5	19_0	2
A33QAD7EN7F6XX	19_0	2
A3PIXX8DQGYHGI	19_1	2
A18941IO2ZZWW6	19_1	2
A1EPIK54UEQYQB	19_1	1
A2Q547UYDL9SFU	19_1	1
AUPV5WJK85K4F	19_1	1
A33QAD7EN7F6XX	19_2	1
A3PIXX8DQGYHGI	19_2	2
A1EPIK54UEQYQB	19_2	1
AUPV5WJK85K4F	19_2	1
A11GX90QFWDLMM	19_2	2
A2VKPMR5HCCZF5	19_4	1
A3MPXWFMR0Y2LK	19_4	1
A3PIXX8DQGYHGI	19_4	2
A33QAD7EN7F6XX	19_4	1
A1EPIK54UEQYQB	19_4	1
A33QAD7EN7F6XX	19_5	1
AUPV5WJK85K4F	19_5	1
A2VKPMR5HCCZF5	19_5	1
A11GX90QFWDLMM	19_5	2
A1EPIK54UEQYQB	19_5	1
A3MPXWFMR0Y2LK	19_6	2
A2G80S3EM9SDBD	19_6	2
A18941IO2ZZWW6	19_6	2
A7R1L4ZYYPOZM	19_6	2
AYHHOK9GDSWNH	19_6	2
A3MPXWFMR0Y2LK	1_1	1
A18941IO2ZZWW6	1_1	2
A32IZC32FQKVRX	1_1	1
A3PIXX8DQGYHGI	1_1	2
AK7YVYGMIF6T0	1_1	1
A11GX90QFWDLMM	20_0	2
AYHHOK9GDSWNH	20_0	2
A1KFIQBETMB81I	20_0	2
A2G80S3EM9SDBD	20_0	2
A7R1L4ZYYPOZM	20_0	2
A2G80S3EM9SDBD	20_2	2
A18941IO2ZZWW6	20_2	1
A11GX90QFWDLMM	20_2	2
AYHHOK9GDSWNH	20_2	2
A2KONK3TIL5KVX	20_2	1
A11GX90QFWDLMM	20_3	2
A2KONK3TIL5KVX	20_3	1
AYHHOK9GDSWNH	20_3	1
A3PIXX8DQGYHGI	20_3	2
A7R1L4ZYYPOZM	20_3	1
A7R1L4ZYYPOZM	21_0	1
A3MPXWFMR0Y2LK	21_0	1
AYHHOK9GDSWNH	21_0	1
A3G0MGLBT484I1	21_0	1
A18941IO2ZZWW6	21_0	2
A7R1L4ZYYPOZM	21_1	1
AYHHOK9GDSWNH	21_1	1
A2G80S3EM9SDBD	21_1	1
A3G0MGLBT484I1	21_1	1
A3MPXWFMR0Y2LK	21_1	1
A2KONK3TIL5KVX	21_10	1
A3PIXX8DQGYHGI	21_10	2
A18941IO2ZZWW6	21_10	2
A32IZC32FQKVRX	21_10	1
A1UV8TD7KO88IM	21_10	1
A18941IO2ZZWW6	21_11	2
A3MPXWFMR0Y2LK	21_11	1
A2Q547UYDL9SFU	21_11	1
A1UV8TD7KO88IM	21_11	1
A32IZC32FQKVRX	21_11	1
A3MPXWFMR0Y2LK	21_12	1
A3BD4NONKGONRM	21_12	1
A32IZC32FQKVRX	21_12	1
A18941IO2ZZWW6	21_12	2
A2Q547UYDL9SFU	21_12	1
A3BD4NONKGONRM	21_13	1
A3MPXWFMR0Y2LK	21_13	1
A32IZC32FQKVRX	21_13	1
A1UV8TD7KO88IM	21_13	1
AYHHOK9GDSWNH	21_13	1
A11GX90QFWDLMM	21_14	1
A3BD4NONKGONRM	21_14	1
A18941IO2ZZWW6	21_14	2
A32IZC32FQKVRX	21_14	1
A2Q547UYDL9SFU	21_14	1
A1KFIQBETMB81I	21_2	1
A3PIXX8DQGYHGI	21_2	2
A18941IO2ZZWW6	21_2	1
A11GX90QFWDLMM	21_2	2
A2G80S3EM9SDBD	21_2	1
A2KONK3TIL5KVX	21_6	1
A3PIXX8DQGYHGI	21_6	2
A18941IO2ZZWW6	21_6	1
AYHHOK9GDSWNH	21_6	1
A7R1L4ZYYPOZM	21_6	2
A3MPXWFMR0Y2LK	21_8	1
A2KONK3TIL5KVX	21_8	1
A2G80S3EM9SDBD	21_8	1
A11GX90QFWDLMM	21_8	2
A3PIXX8DQGYHGI	21_8	1
A3G0MGLBT484I1	21_9	1
A3MPXWFMR0Y2LK	21_9	1
A2G80S3EM9SDBD	21_9	1
A2KONK3TIL5KVX	21_9	1
A7R1L4ZYYPOZM	21_9	1
A18941IO2ZZWW6	22_1	1
A1UV8TD7KO88IM	22_1	1
A32IZC32FQKVRX	22_1	1
A2Q547UYDL9SFU	22_1	1
A11GX90QFWDLMM	22_1	1
A3PIXX8DQGYHGI	22_2	2
AYHHOK9GDSWNH	22_2	1
A18941IO2ZZWW6	22_2	1
A3BD4NONKGONRM	22_2	1
A2KONK3TIL5KVX	22_2	1
A11GX90QFWDLMM	22_7	2
A1UV8TD7KO88IM	22_7	1
A3MPXWFMR0Y2LK	22_7	1
A18941IO2ZZWW6	22_7	2
A2KONK3TIL5KVX	22_7	1
A32IZC32FQKVRX	23_1	2
A2KONK3TIL5KVX	23_1	1
A1UV8TD7KO88IM	23_1	2
AYHHOK9GDSWNH	23_1	2
A3BD4NONKGONRM	23_1	2
A2KONK3TIL5KVX	23_2	1
A2Q547UYDL9SFU	23_2	2
A3BD4NONKGONRM	23_2	2
A11GX90QFWDLMM	23_2	2
AYHHOK9GDSWNH	23_2	2
A38UUFVXEND88G	25_1	2
A1RIILHVSAY5IW	25_1	2
A3PIXX8DQGYHGI	25_1	2
A11GX90QFWDLMM	25_1	2
AUPV5WJK85K4F	25_1	1
A11GX90QFWDLMM	25_2	2
A1GR4JB3DODIQ1	25_2	2
A38UUFVXEND88G	25_2	2
A18941IO2ZZWW6	25_2	1
A3MPXWFMR0Y2LK	25_2	2
AUPV5WJK85K4F	25_5	2
A11GX90QFWDLMM	25_5	2
A26KXB5XCGERD2	25_5	2
A3MPXWFMR0Y2LK	25_5	2
A38UUFVXEND88G	25_5	2
A1GR4JB3DODIQ1	25_6	1
A26KXB5XCGERD2	25_6	1
A18941IO2ZZWW6	25_6	2
A38UUFVXEND88G	25_6	2
A3PIXX8DQGYHGI	25_6	1
A38UUFVXEND88G	25_8	1
A1RIILHVSAY5IW	25_8	1
A3MPXWFMR0Y2LK	25_8	1
A3PIXX8DQGYHGI	25_8	2
A1GR4JB3DODIQ1	25_8	1
AUPV5WJK85K4F	28_0	2
A11GX90QFWDLMM	28_0	2
A18941IO2ZZWW6	28_0	2
A1RIILHVSAY5IW	28_0	2
A1GR4JB3DODIQ1	28_0	2
A3PIXX8DQGYHGI	28_1	1
A18941IO2ZZWW6	28_1	1
A38UUFVXEND88G	28_1	2
A3MPXWFMR0Y2LK	28_1	2
A26KXB5XCGERD2	28_1	2
A1GR4JB3DODIQ1	28_2	2
A3MPXWFMR0Y2LK	28_2	2
A11GX90QFWDLMM	28_2	2
A3PIXX8DQGYHGI	28_2	2
A1UV8TD7KO88IM	28_2	2
AUPV5WJK85K4F	28_4	2
A11GX90QFWDLMM	28_4	2
A26KXB5XCGERD2	28_4	2
A3PIXX8DQGYHGI	28_4	2
A3MPXWFMR0Y2LK	28_4	2
A3MPXWFMR0Y2LK	28_6	2
A1UV8TD7KO88IM	28_6	2
A11GX90QFWDLMM	28_6	2
A1RIILHVSAY5IW	28_6	2
A3PIXX8DQGYHGI	28_6	1
AWXSX0YWT2J50	2_0	2
A3PIXX8DQGYHGI	2_0	2
A3MPXWFMR0Y2LK	2_0	2
A11GX90QFWDLMM	2_0	2
AK7YVYGMIF6T0	2_0	2
A5C6BAAHFTJFP	2_3	1
A1GR4JB3DODIQ1	2_3	1
A370556EFVZ9W4	2_3	2
A18941IO2ZZWW6	2_3	1
A2VKPMR5HCCZF5	2_3	1
A11GX90QFWDLMM	2_5	2
A1EPIK54UEQYQB	2_5	1
A370556EFVZ9W4	2_5	1
AUPV5WJK85K4F	2_5	1
A5C6BAAHFTJFP	2_5	1
A3G0MGLBT484I1	2_6	1
AUPV5WJK85K4F	2_6	1
A18941IO2ZZWW6	2_6	1
A3PIXX8DQGYHGI	2_6	2
A11GX90QFWDLMM	2_6	2
AUPV5WJK85K4F	2_7	1
A3G0MGLBT484I1	2_7	1
A11GX90QFWDLMM	2_7	2
A18941IO2ZZWW6	2_7	2
A5C6BAAHFTJFP	2_7	1
A11GX90QFWDLMM	30_0	2
A2VKPMR5HCCZF5	30_0	2
A3MPXWFMR0Y2LK	30_0	2
AUPV5WJK85K4F	30_0	2
A18941IO2ZZWW6	30_0	2
A3FLN53WRJ0C7W	30_1	1
A3PIXX8DQGYHGI	30_1	2
A3MPXWFMR0Y2LK	30_1	1
A18941IO2ZZWW6	30_1	2
A2KONK3TIL5KVX	30_1	1
AUPV5WJK85K4F	31_0	2
A3FLN53WRJ0C7W	31_0	2
A11GX90QFWDLMM	31_0	1
A2VKPMR5HCCZF5	31_0	2
A18941IO2ZZWW6	31_0	2
AUPV5WJK85K4F	32_0	1
A3FLN53WRJ0C7W	32_0	1
AYHHOK9GDSWNH	32_0	1
A2KONK3TIL5KVX	32_0	1
A2VKPMR5HCCZF5	32_0	1
A3MPXWFMR0Y2LK	32_1	2
A18941IO2ZZWW6	32_1	2
A2VKPMR5HCCZF5	32_1	2
A11GX90QFWDLMM	32_1	2
AYHHOK9GDSWNH	32_1	2
AYHHOK9GDSWNH	32_10	2
A2KONK3TIL5KVX	32_10	1
A11GX90QFWDLMM	32_10	1
A3PIXX8DQGYHGI	32_10	2
A3FLN53WRJ0C7W	32_10	1
A2VKPMR5HCCZF5	32_11	2
A3FLN53WRJ0C7W	32_11	2
A3G0MGLBT484I1	32_11	1
A3MPXWFMR0Y2LK	32_11	2
A3PIXX8DQGYHGI	32_11	2
A3G0MGLBT484I1	32_13	1
A3J0VZOPOGW1QC	32_13	2
A2KONK3TIL5KVX	32_13	1
A18WNE09USHJSG	32_13	2
A11GX90QFWDLMM	32_13	2
A3J0VZOPOGW1QC	32_14	2
A2KONK3TIL5KVX	32_14	1
AYHHOK9GDSWNH	32_14	2
AEU1NROWHLIJF	32_14	1
A18941IO2ZZWW6	32_14	1
A3PIXX8DQGYHGI	32_2	2
AYHHOK9GDSWNH	32_2	1
A2VKPMR5HCCZF5	32_2	1
A3G0MGLBT484I1	32_2	1
A3MPXWFMR0Y2LK	32_2	1
A18941IO2ZZWW6	32_7	2
A11GX90QFWDLMM	32_7	2
A3MPXWFMR0Y2LK	32_7	1
AUPV5WJK85K4F	32_7	1
AYHHOK9GDSWNH	32_7	1
A11GX90QFWDLMM	32_9	2
A3G0MGLBT484I1	32_9	1
A3PIXX8DQGYHGI	32_9	2
A3FLN53WRJ0C7W	32_9	2
AYHHOK9GDSWNH	32_9	2
A3J0VZOPOGW1QC	34_2	2
A2KONK3TIL5KVX	34_2	1
AEU1NROWHLIJF	34_2	2
AUPV5WJK85K4F	34_2	2
A18WNE09USHJSG	34_2	2
AUPV5WJK85K4F	34_3	1
A3J0VZOPOGW1QC	34_3	1
A2KONK3TIL5KVX	34_3	1
AEU1NROWHLIJF	34_3	1
A18WNE09USHJSG	34_3	1
A18WNE09USHJSG	34_4	1
A11GX90QFWDLMM	34_4	2
A3PIXX8DQGYHGI	34_4	2
AEU1NROWHLIJF	34_4	1
AUPV5WJK85K4F	34_4	1
AEU1NROWHLIJF	34_5	1
A18WNE09USHJSG	34_5	1
A3PIXX8DQGYHGI	34_5	2
A11GX90QFWDLMM	34_5	2
AYHHOK9GDSWNH	34_5	1
A11GX90QFWDLMM	34_6	2
A18WNE09USHJSG	34_6	2
A3PIXX8DQGYHGI	34_6	2
AUPV5WJK85K4F	34_6	2
A3G0MGLBT484I1	34_6	1
AYHHOK9GDSWNH	35_1	2
A18WNE09USHJSG	35_1	2
A11GX90QFWDLMM	35_1	2
AEU1NROWHLIJF	35_1	1
A18941IO2ZZWW6	35_1	2
AUPV5WJK85K4F	35_4	2
A2KONK3TIL5KVX	35_4	1
A11GX90QFWDLMM	35_4	2
A18WNE09USHJSG	35_4	2
A3J0VZOPOGW1QC	35_4	2
AUPV5WJK85K4F	35_6	2
A3G0MGLBT484I1	35_6	1
A3J0VZOPOGW1QC	35_6	2
A3PIXX8DQGYHGI	35_6	2
AYHHOK9GDSWNH	35_6	2
A9K43JFO379YG	35_7	1
AUPV5WJK85K4F	35_7	1
A3K7B6ZPJH2EVC	35_7	1
AYHHOK9GDSWNH	35_7	1
A18941IO2ZZWW6	35_7	2
A18941IO2ZZWW6	37_0	2
AUPV5WJK85K4F	37_0	2
A3K7B6ZPJH2EVC	37_0	2
AYHHOK9GDSWNH	37_0	2
A11GX90QFWDLMM	37_0	2
A18941IO2ZZWW6	37_2	2
A3K7B6ZPJH2EVC	37_2	1
A9K43JFO379YG	37_2	1
A3PIXX8DQGYHGI	37_2	2
A3FLN53WRJ0C7W	37_2	1
A18941IO2ZZWW6	37_4	2
A3FLN53WRJ0C7W	37_4	1
A11GX90QFWDLMM	37_4	2
A18WNE09USHJSG	37_4	1
A3PIXX8DQGYHGI	37_4	2
A11GX90QFWDLMM	37_5	2
A3FLN53WRJ0C7W	37_5	1
A3G0MGLBT484I1	37_5	1
AUPV5WJK85K4F	37_5	1
A9K43JFO379YG	37_5	1
A3FLN53WRJ0C7W	39_0	1
A3G0MGLBT484I1	39_0	1
A3PIXX8DQGYHGI	39_0	2
AUPV5WJK85K4F	39_0	2
A18941IO2ZZWW6	39_0	2
A18941IO2ZZWW6	39_1	1
A9K43JFO379YG	39_1	2
A3FLN53WRJ0C7W	39_1	2
A11GX90QFWDLMM	39_1	2
AUPV5WJK85K4F	39_1	2
AYHHOK9GDSWNH	39_6	2
A18941IO2ZZWW6	39_6	2
A18WNE09USHJSG	39_6	2
A3PIXX8DQGYHGI	39_6	2
A3FLN53WRJ0C7W	39_6	2
AUPV5WJK85K4F	39_7	2
A3G0MGLBT484I1	39_7	1
A18941IO2ZZWW6	39_7	2
A3FLN53WRJ0C7W	39_7	2
A11GX90QFWDLMM	39_7	2
A370556EFVZ9W4	3_3	1
A3PIXX8DQGYHGI	3_3	2
AUPV5WJK85K4F	3_3	1
A1EPIK54UEQYQB	3_3	1
A3G0MGLBT484I1	3_3	1
A3PIXX8DQGYHGI	3_5	2
A2VKPMR5HCCZF5	3_5	1
A1EPIK54UEQYQB	3_5	1
AUPV5WJK85K4F	3_5	1
A11GX90QFWDLMM	3_5	2
A370556EFVZ9W4	3_6	2
A5C6BAAHFTJFP	3_6	2
A18941IO2ZZWW6	3_6	2
AUPV5WJK85K4F	3_6	2
A1EPIK54UEQYQB	3_6	2
A1GR4JB3DODIQ1	3_8	1
A3PIXX8DQGYHGI	3_8	2
A370556EFVZ9W4	3_8	1
AUPV5WJK85K4F	3_8	1
A5C6BAAHFTJFP	3_8	1
A2VKPMR5HCCZF5	3_9	1
A1GR4JB3DODIQ1	3_9	1
A5C6BAAHFTJFP	3_9	1
A370556EFVZ9W4	3_9	1
A3PIXX8DQGYHGI	3_9	2
A3FLN53WRJ0C7W	41_0	1
A3G0MGLBT484I1	41_0	1
A11GX90QFWDLMM	41_0	2
AUPV5WJK85K4F	41_0	1
A9K43JFO379YG	41_0	2
AYHHOK9GDSWNH	41_3	1
A11GX90QFWDLMM	41_3	2
A2KONK3TIL5KVX	41_3	1
A3G0MGLBT484I1	41_3	1
A7NC1H5ZK7TO0	41_3	1
A7NC1H5ZK7TO0	41_4	1
A3MPXWFMR0Y2LK	41_4	1
A1QRQZWBL1SVEX	41_4	1
A2HTGQE4AACVRV	41_4	1
AYHHOK9GDSWNH	41_4	1
A18941IO2ZZWW6	42_0	2
A11GX90QFWDLMM	42_0	2
A3MPXWFMR0Y2LK	42_0	1
A3PIXX8DQGYHGI	42_0	2
A3G0MGLBT484I1	42_0	1
A1QRQZWBL1SVEX	42_1	2
A2KONK3TIL5KVX	42_1	1
A3PIXX8DQGYHGI	42_1	2
A3MPXWFMR0Y2LK	42_1	2
A3G0MGLBT484I1	42_1	1
A7NC1H5ZK7TO0	42_2	1
A1QRQZWBL1SVEX	42_2	1
A11GX90QFWDLMM	42_2	2
A3G0MGLBT484I1	42_2	1
A18941IO2ZZWW6	42_2	2
A18941IO2ZZWW6	42_4	2
A3PIXX8DQGYHGI	42_4	2
A1QRQZWBL1SVEX	42_4	2
A3MPXWFMR0Y2LK	42_4	2
A2HTGQE4AACVRV	42_4	2
A2KONK3TIL5KVX	43_2	1
A3MPXWFMR0Y2LK	43_2	2
A11GX90QFWDLMM	43_2	2
A3G0MGLBT484I1	43_2	1
A18941IO2ZZWW6	43_2	2
AYHHOK9GDSWNH	43_3	1
A3PIXX8DQGYHGI	43_3	2
A3G0MGLBT484I1	43_3	1
A18941IO2ZZWW6	43_3	2
A2HTGQE4AACVRV	43_3	1
A18941IO2ZZWW6	43_4	2
AYHHOK9GDSWNH	43_4	1
A3MPXWFMR0Y2LK	43_4	1
A11GX90QFWDLMM	43_4	2
A3G0MGLBT484I1	43_4	1
A7NC1H5ZK7TO0	43_6	1
A2KONK3TIL5KVX	43_6	1
A3G0MGLBT484I1	43_6	1
A2HTGQE4AACVRV	43_6	1
A11GX90QFWDLMM	43_6	2
A1123L7ANYUTG0	43_7	1
A37Q72KDR2VIZ8	43_7	1
A18941IO2ZZWW6	43_7	2
AUPV5WJK85K4F	43_7	1
A33QAD7EN7F6XX	43_7	1
AUPV5WJK85K4F	43_8	2
A11GX90QFWDLMM	43_8	1
A1123L7ANYUTG0	43_8	2
A3BD4NONKGONRM	43_8	2
AZE6KLDFEXBM0	43_8	1
A1123L7ANYUTG0	45_3	2
A3G0MGLBT484I1	45_3	1
A33QAD7EN7F6XX	45_3	2
A18941IO2ZZWW6	45_3	2
A3BD4NONKGONRM	45_3	2
A1123L7ANYUTG0	47_1	2
A3PIXX8DQGYHGI	47_1	2
A11GX90QFWDLMM	47_1	2
A37Q72KDR2VIZ8	47_1	2
A3BD4NONKGONRM	47_1	2
A33QAD7EN7F6XX	47_3	2
A37Q72KDR2VIZ8	47_3	2
A3G0MGLBT484I1	47_3	1
A11GX90QFWDLMM	47_3	2
AZE6KLDFEXBM0	47_3	2
A1123L7ANYUTG0	47_8	2
A37Q72KDR2VIZ8	47_8	2
AZE6KLDFEXBM0	47_8	2
A18941IO2ZZWW6	47_8	1
AUPV5WJK85K4F	47_8	2
A11GX90QFWDLMM	47_9	2
AZE6KLDFEXBM0	47_9	2
A1123L7ANYUTG0	47_9	2
A3PIXX8DQGYHGI	47_9	2
A18941IO2ZZWW6	47_9	2
A1123L7ANYUTG0	49_2	1
AUPV5WJK85K4F	49_2	1
A3G0MGLBT484I1	49_2	1
A3PIXX8DQGYHGI	49_2	1
A37Q72KDR2VIZ8	49_2	1
AZE6KLDFEXBM0	49_4	2
A11GX90QFWDLMM	49_4	1
A1123L7ANYUTG0	49_4	1
A33QAD7EN7F6XX	49_4	1
A37Q72KDR2VIZ8	49_4	2
A18941IO2ZZWW6	49_5	2
A37Q72KDR2VIZ8	49_5	2
A1123L7ANYUTG0	49_5	2
A3BD4NONKGONRM	49_5	2
A33QAD7EN7F6XX	49_5	2
A3BD4NONKGONRM	49_6	2
A2VKPMR5HCCZF5	49_6	2
A18941IO2ZZWW6	49_6	2
A3G0MGLBT484I1	49_6	1
A18WNE09USHJSG	49_6	1
A18WNE09USHJSG	49_7	1
A2KONK3TIL5KVX	49_7	1
A3PIXX8DQGYHGI	49_7	2
A2VKPMR5HCCZF5	49_7	1
A18941IO2ZZWW6	49_7	2
A2KONK3TIL5KVX	49_8	1
A18WNE09USHJSG	49_8	1
A18941IO2ZZWW6	49_8	1
A2VKPMR5HCCZF5	49_8	2
AUPV5WJK85K4F	49_8	1
AYHHOK9GDSWNH	49_9	1
AUPV5WJK85K4F	49_9	1
A3PIXX8DQGYHGI	49_9	2
A3BD4NONKGONRM	49_9	1
A18941IO2ZZWW6	49_9	2
A1EPIK54UEQYQB	4_0	1
AUPV5WJK85K4F	4_0	1
A18941IO2ZZWW6	4_0	2
A1GR4JB3DODIQ1	4_0	1
A3PIXX8DQGYHGI	4_0	2
A3G0MGLBT484I1	4_2	1
A18941IO2ZZWW6	4_2	1
AYHHOK9GDSWNH	4_2	1
AUPV5WJK85K4F	4_2	2
A2VKPMR5HCCZF5	4_2	2
A3G0MGLBT484I1	4_4	1
A3PIXX8DQGYHGI	4_4	2
A18941IO2ZZWW6	4_4	2
A11GX90QFWDLMM	4_4	2
A2VKPMR5HCCZF5	4_4	1
A1GR4JB3DODIQ1	4_5	1
A3G0MGLBT484I1	4_5	1
AUPV5WJK85K4F	4_5	1
A3BD4NONKGONRM	4_5	1
A1KFIQBETMB81I	4_5	1
AUPV5WJK85K4F	51_10	1
A3PIXX8DQGYHGI	51_10	2
A2KONK3TIL5KVX	51_10	1
A3G0MGLBT484I1	51_10	1
A3BD4NONKGONRM	51_10	1
A2KONK3TIL5KVX	51_12	1
A11GX90QFWDLMM	51_12	2
A3G0MGLBT484I1	51_12	1
A3PIXX8DQGYHGI	51_12	2
AUPV5WJK85K4F	51_12	1
A2KONK3TIL5KVX	51_14	1
A18941IO2ZZWW6	51_14	2
A11GX90QFWDLMM	51_14	2
A3PIXX8DQGYHGI	51_14	2
AYHHOK9GDSWNH	51_14	1
A2VKPMR5HCCZF5	51_15	2
A18941IO2ZZWW6	51_15	2
A3G0MGLBT484I1	51_15	1
AUPV5WJK85K4F	51_15	2
A3PIXX8DQGYHGI	51_15	2
A3BD4NONKGONRM	51_16	1
A2KONK3TIL5KVX	51_16	1
A18941IO2ZZWW6	51_16	2
A3G0MGLBT484I1	51_16	1
A3PIXX8DQGYHGI	51_16	2
A3PIXX8DQGYHGI	51_17	2
AUPV5WJK85K4F	51_17	2
A3G0MGLBT484I1	51_17	1
A11GX90QFWDLMM	51_17	2
A18WNE09USHJSG	51_17	2
A18941IO2ZZWW6	51_18	2
AUPV5WJK85K4F	51_18	1
A18WNE09USHJSG	51_18	1
A3PIXX8DQGYHGI	51_18	2
A2G80S3EM9SDBD	51_18	1
A3PIXX8DQGYHGI	51_19	2
A11GX90QFWDLMM	51_19	2
A16QMNGIR7N53M	51_19	1
AUPV5WJK85K4F	51_19	2
A3G0MGLBT484I1	51_19	1
A18WNE09USHJSG	51_3	2
A18941IO2ZZWW6	51_3	1
A2VKPMR5HCCZF5	51_3	2
A11GX90QFWDLMM	51_3	2
AUPV5WJK85K4F	51_3	2
A2G80S3EM9SDBD	52_0	2
A11GX90QFWDLMM	52_0	1
A18WNE09USHJSG	52_0	1
A3G0MGLBT484I1	52_0	1
A16QMNGIR7N53M	52_0	1
A3G0MGLBT484I1	52_1	1
AYHHOK9GDSWNH	52_1	2
A2G80S3EM9SDBD	52_1	2
AF9RXZRI2WUNQ	52_1	1
AUPV5WJK85K4F	52_1	2
AUPV5WJK85K4F	52_10	1
AWXSX0YWT2J50	52_10	1
A3PIXX8DQGYHGI	52_10	2
A26KXB5XCGERD2	52_10	1
A1PBRFFOTO5ZU6	52_10	1
A3G0MGLBT484I1	52_12	1
AXTU992Z7V3ZX	52_12	2
A11GX90QFWDLMM	52_12	2
A26KXB5XCGERD2	52_12	2
A18941IO2ZZWW6	52_12	2
A1PBRFFOTO5ZU6	52_13	1
A18941IO2ZZWW6	52_13	2
A3PIXX8DQGYHGI	52_13	2
A26KXB5XCGERD2	52_13	1
AXTU992Z7V3ZX	52_13	1
A18941IO2ZZWW6	52_16	2
A3G0MGLBT484I1	52_16	1
A3PIXX8DQGYHGI	52_16	2
A26KXB5XCGERD2	52_16	1
AXTU992Z7V3ZX	52_16	1
A1PBRFFOTO5ZU6	52_17	1
AWXSX0YWT2J50	52_17	1
A11GX90QFWDLMM	52_17	2
A18941IO2ZZWW6	52_17	1
AUPV5WJK85K4F	52_17	2
AK7YVYGMIF6T0	52_18	2
A3G0MGLBT484I1	52_18	1
A11GX90QFWDLMM	52_18	1
AXTU992Z7V3ZX	52_18	2
AUPV5WJK85K4F	52_18	2
A26KXB5XCGERD2	52_19	2
AUPV5WJK85K4F	52_19	1
A18941IO2ZZWW6	52_19	1
A1PBRFFOTO5ZU6	52_19	2
AWXSX0YWT2J50	52_19	1
A18941IO2ZZWW6	52_20	1
AUPV5WJK85K4F	52_20	1
A3G0MGLBT484I1	52_20	1
A1PBRFFOTO5ZU6	52_20	2
AXTU992Z7V3ZX	52_20	1
A3PIXX8DQGYHGI	52_21	2
A1PBRFFOTO5ZU6	52_21	2
A3G0MGLBT484I1	52_21	1
A11GX90QFWDLMM	52_21	2
AWXSX0YWT2J50	52_21	1
A2VKPMR5HCCZF5	52_24	2
A2GKEUW6PGONEC	52_24	2
AYHHOK9GDSWNH	52_24	2
A11GX90QFWDLMM	52_24	1
A18941IO2ZZWW6	52_24	2
A3G0MGLBT484I1	52_25	1
A11GX90QFWDLMM	52_25	2
A2VKPMR5HCCZF5	52_25	1
AUPV5WJK85K4F	52_25	1
A3PIXX8DQGYHGI	52_25	2
AUPV5WJK85K4F	52_26	2
A2GKEUW6PGONEC	52_26	2
A3G0MGLBT484I1	52_26	1
A18941IO2ZZWW6	52_26	2
A11GX90QFWDLMM	52_26	2
A2GKEUW6PGONEC	52_27	1
AXTU992Z7V3ZX	52_27	1
A3G0MGLBT484I1	52_27	1
A11GX90QFWDLMM	52_27	2
A3KKCYI5HAHQ3	52_27	1
AYHHOK9GDSWNH	52_29	1
A2VKPMR5HCCZF5	52_29	1
AUPV5WJK85K4F	52_29	1
A18941IO2ZZWW6	52_29	2
A3G0MGLBT484I1	52_29	1
AUPV5WJK85K4F	52_31	1
A3G0MGLBT484I1	52_31	1
A11GX90QFWDLMM	52_31	2
A18941IO2ZZWW6	52_31	2
A3PIXX8DQGYHGI	52_31	2
A3PIXX8DQGYHGI	52_32	2
A2VKPMR5HCCZF5	52_32	2
AYHHOK9GDSWNH	52_32	2
A11GX90QFWDLMM	52_32	2
A3KKCYI5HAHQ3	52_32	2
A3KKCYI5HAHQ3	52_33	1
A2GKEUW6PGONEC	52_33	2
AXTU992Z7V3ZX	52_33	1
AYHHOK9GDSWNH	52_33	2
A2VKPMR5HCCZF5	52_33	2
A2GKEUW6PGONEC	52_34	1
AXTU992Z7V3ZX	52_34	1
AUPV5WJK85K4F	52_34	1
A3PIXX8DQGYHGI	52_34	2
A3G0MGLBT484I1	52_34	1
A16QMNGIR7N53M	52_4	1
A11GX90QFWDLMM	52_4	2
A18941IO2ZZWW6	52_4	2
A18WNE09USHJSG	52_4	1
A3G0MGLBT484I1	52_4	1
A3PIXX8DQGYHGI	52_5	2
A18941IO2ZZWW6	52_5	2
AUPV5WJK85K4F	52_5	1
A2G80S3EM9SDBD	52_5	1
A11GX90QFWDLMM	52_5	2
A2G80S3EM9SDBD	52_6	1
A18941IO2ZZWW6	52_6	2
AF9RXZRI2WUNQ	52_6	1
A3G0MGLBT484I1	52_6	1
AYHHOK9GDSWNH	52_6	1
AF9RXZRI2WUNQ	52_7	1
A2G80S3EM9SDBD	52_7	1
AUPV5WJK85K4F	52_7	1
A3PIXX8DQGYHGI	52_7	2
AYHHOK9GDSWNH	52_7	1
A2G80S3EM9SDBD	52_8	1
AF9RXZRI2WUNQ	52_8	1
AYHHOK9GDSWNH	52_8	1
A3PIXX8DQGYHGI	52_8	2
AUPV5WJK85K4F	52_8	1
A26KXB5XCGERD2	52_9	1
AWXSX0YWT2J50	52_9	1
A3G0MGLBT484I1	52_9	1
AXTU992Z7V3ZX	52_9	1
AUPV5WJK85K4F	52_9	1
A2GKEUW6PGONEC	54_0	2
A18941IO2ZZWW6	54_0	2
A11GX90QFWDLMM	54_0	2
A3G0MGLBT484I1	54_0	1
A3KKCYI5HAHQ3	54_0	2
A2G80S3EM9SDBD	54_1	2
A3G0MGLBT484I1	54_1	1
A2VKPMR5HCCZF5	54_1	2
A3PIXX8DQGYHGI	54_1	2
A1UV8TD7KO88IM	54_1	2
A11GX90QFWDLMM	55_0	2
AUPV5WJK85K4F	55_0	1
A3PIXX8DQGYHGI	55_0	2
A18941IO2ZZWW6	55_0	1
A2VKPMR5HCCZF5	55_0	1
A3PIXX8DQGYHGI	55_1	2
A1UV8TD7KO88IM	55_1	1
A2G80S3EM9SDBD	55_1	1
A18941IO2ZZWW6	55_1	2
A2VKPMR5HCCZF5	55_1	1
A1UV8TD7KO88IM	55_2	1
A2VKPMR5HCCZF5	55_2	1
A11GX90QFWDLMM	55_2	2
A3G0MGLBT484I1	55_2	1
A18941IO2ZZWW6	55_2	1
AUPV5WJK85K4F	58_0	1
A11GX90QFWDLMM	58_0	2
A3G0MGLBT484I1	58_0	1
A18941IO2ZZWW6	58_0	1
A3PIXX8DQGYHGI	58_0	2
A18941IO2ZZWW6	5_0	1
A1GR4JB3DODIQ1	5_0	1
A3PIXX8DQGYHGI	5_0	2
A3G0MGLBT484I1	5_0	1
A2VKPMR5HCCZF5	5_0	1
A1KFIQBETMB81I	5_1	2
A3PIXX8DQGYHGI	5_1	2
A1GR4JB3DODIQ1	5_1	2
A11GX90QFWDLMM	5_1	2
AUPV5WJK85K4F	5_1	2
AYHHOK9GDSWNH	5_11	2
A18941IO2ZZWW6	5_11	2
A3BD4NONKGONRM	5_11	2
A3PIXX8DQGYHGI	5_11	2
A11GX90QFWDLMM	5_11	1
A3BD4NONKGONRM	5_12	2
A1GR4JB3DODIQ1	5_12	2
A11GX90QFWDLMM	5_12	1
AUPV5WJK85K4F	5_12	2
A3PIXX8DQGYHGI	5_12	1
A3BD4NONKGONRM	5_15	2
AYHHOK9GDSWNH	5_15	2
A3PIXX8DQGYHGI	5_15	2
A18941IO2ZZWW6	5_15	2
A3G0MGLBT484I1	5_15	1
A3BD4NONKGONRM	5_16	1
A2G80S3EM9SDBD	5_16	1
A3G0MGLBT484I1	5_16	1
A17743NDSCO8P5	5_16	1
A3MPXWFMR0Y2LK	5_16	1
A3BD4NONKGONRM	5_20	2
AUPV5WJK85K4F	5_20	1
AYHHOK9GDSWNH	5_20	1
A3MPXWFMR0Y2LK	5_20	1
A17743NDSCO8P5	5_20	1
A3G0MGLBT484I1	5_23	1
AYHHOK9GDSWNH	5_23	2
A11GX90QFWDLMM	5_23	2
AUPV5WJK85K4F	5_23	2
A2G80S3EM9SDBD	5_23	2
A17743NDSCO8P5	5_24	2
A2G80S3EM9SDBD	5_24	2
A1PBRFFOTO5ZU6	5_24	2
AUPV5WJK85K4F	5_24	2
A3BD4NONKGONRM	5_24	2
A18941IO2ZZWW6	5_5	2
A3BD4NONKGONRM	5_5	2
A11GX90QFWDLMM	5_5	1
A1GR4JB3DODIQ1	5_5	2
AUPV5WJK85K4F	5_5	2
A3PIXX8DQGYHGI	5_9	2
A18941IO2ZZWW6	5_9	1
A11GX90QFWDLMM	5_9	2
A1KFIQBETMB81I	5_9	2
AYHHOK9GDSWNH	5_9	2
A2G80S3EM9SDBD	60_1	2
A1UV8TD7KO88IM	60_1	2
A2VKPMR5HCCZF5	60_1	2
AYHHOK9GDSWNH	60_1	2
AUPV5WJK85K4F	60_1	2
A18941IO2ZZWW6	60_2	2
A3G0MGLBT484I1	60_2	1
AK7YVYGMIF6T0	60_2	2
AYHHOK9GDSWNH	60_2	2
A2VKPMR5HCCZF5	60_2	2
A3PIXX8DQGYHGI	61_0	2
A2G80S3EM9SDBD	61_0	1
A3G0MGLBT484I1	61_0	1
A18941IO2ZZWW6	61_0	1
AUPV5WJK85K4F	61_0	2
A2VKPMR5HCCZF5	61_1	2
AYHHOK9GDSWNH	61_1	2
A3PIXX8DQGYHGI	61_1	2
A1UV8TD7KO88IM	61_1	2
A18941IO2ZZWW6	61_1	2
AUPV5WJK85K4F	62_0	2
A2G80S3EM9SDBD	62_0	2
A3G0MGLBT484I1	62_0	1
AYHHOK9GDSWNH	62_0	2
A18941IO2ZZWW6	62_0	2
AK7YVYGMIF6T0	63_3	2
AA5CLQLMVT5GA	63_3	1
AUPV5WJK85K4F	63_3	2
AYHHOK9GDSWNH	63_3	2
A3PIXX8DQGYHGI	63_3	1
AA5CLQLMVT5GA	69_1	2
AYHHOK9GDSWNH	69_1	1
AK7YVYGMIF6T0	69_1	1
A3PIXX8DQGYHGI	69_1	2
A11GX90QFWDLMM	69_1	2
A3BD4NONKGONRM	6_11	1
A18941IO2ZZWW6	6_11	2
A17743NDSCO8P5	6_11	1
A2G80S3EM9SDBD	6_11	1
A1PBRFFOTO5ZU6	6_11	1
A18941IO2ZZWW6	6_12	2
A17743NDSCO8P5	6_12	1
A2G80S3EM9SDBD	6_12	1
AUPV5WJK85K4F	6_12	2
A3MPXWFMR0Y2LK	6_12	1
A1PBRFFOTO5ZU6	6_13	1
A3MPXWFMR0Y2LK	6_13	2
A3BD4NONKGONRM	6_13	2
AYHHOK9GDSWNH	6_13	2
A11GX90QFWDLMM	6_13	2
AUPV5WJK85K4F	6_14	1
A3BD4NONKGONRM	6_14	1
A17743NDSCO8P5	6_14	1
A3G0MGLBT484I1	6_14	1
A18941IO2ZZWW6	6_14	2
AYHHOK9GDSWNH	6_19	2
A3PIXX8DQGYHGI	6_19	2
A18941IO2ZZWW6	6_19	1
A26KXB5XCGERD2	6_19	2
A2G80S3EM9SDBD	6_19	2
A2G80S3EM9SDBD	6_20	1
AEX5NCH03LWSG	6_20	1
A38UUFVXEND88G	6_20	1
AYHHOK9GDSWNH	6_20	1
AXTU992Z7V3ZX	6_20	1
A18941IO2ZZWW6	6_5	2
A3MPXWFMR0Y2LK	6_5	1
A1PBRFFOTO5ZU6	6_5	1
AUPV5WJK85K4F	6_5	1
A17743NDSCO8P5	6_5	2
A1PBRFFOTO5ZU6	6_8	1
A17743NDSCO8P5	6_8	1
A3MPXWFMR0Y2LK	6_8	2
AUPV5WJK85K4F	6_8	2
AYHHOK9GDSWNH	6_8	2
A18941IO2ZZWW6	70_1	2
A11GX90QFWDLMM	70_1	2
AYHHOK9GDSWNH	70_1	1
AUPV5WJK85K4F	70_1	1
A3MPXWFMR0Y2LK	70_1	1
AA5CLQLMVT5GA	71_0	2
A18941IO2ZZWW6	71_0	2
AUPV5WJK85K4F	71_0	2
AK7YVYGMIF6T0	71_0	2
A3PIXX8DQGYHGI	71_0	2
AYHHOK9GDSWNH	71_1	2
A3MPXWFMR0Y2LK	71_1	2
A18941IO2ZZWW6	71_1	1
A13PCLSK1JA8QL	71_1	1
AK7YVYGMIF6T0	71_1	2
AYHHOK9GDSWNH	71_2	2
A18941IO2ZZWW6	71_2	2
A1KFIQBETMB81I	71_2	2
A3PIXX8DQGYHGI	71_2	2
A13PCLSK1JA8QL	71_2	1
A11GX90QFWDLMM	71_3	2
AUPV5WJK85K4F	71_3	1
A18941IO2ZZWW6	71_3	2
AYHHOK9GDSWNH	71_3	1
AK7YVYGMIF6T0	71_3	1
AK7YVYGMIF6T0	71_4	2
AA5CLQLMVT5GA	71_4	1
A3PIXX8DQGYHGI	71_4	2
A3MPXWFMR0Y2LK	71_4	1
A18941IO2ZZWW6	71_4	2
AYHHOK9GDSWNH	71_5	1
AA5CLQLMVT5GA	71_5	1
A3MPXWFMR0Y2LK	71_5	1
AK7YVYGMIF6T0	71_5	1
A11GX90QFWDLMM	71_5	2
A13PCLSK1JA8QL	78_0	1
A1KFIQBETMB81I	78_0	2
A11GX90QFWDLMM	78_0	1
A18941IO2ZZWW6	78_0	1
AUPV5WJK85K4F	78_0	2
A32IZC32FQKVRX	78_1	1
A2B6ZPXXMJB1B1	78_1	1
A1UV8TD7KO88IM	78_1	1
A2GLG8R57PVEQU	78_1	1
A3PIXX8DQGYHGI	78_1	2
AYHHOK9GDSWNH	7_0	1
A3G0MGLBT484I1	7_0	1
A2G80S3EM9SDBD	7_0	1
AXTU992Z7V3ZX	7_0	1
A3PIXX8DQGYHGI	7_0	2
A2G80S3EM9SDBD	7_6	2
A11GX90QFWDLMM	7_6	2
A3PIXX8DQGYHGI	7_6	2
AXTU992Z7V3ZX	7_6	2
A38UUFVXEND88G	7_6	2
A11GX90QFWDLMM	81_1	2
A3PIXX8DQGYHGI	81_1	2
AYHHOK9GDSWNH	81_1	1
AUPV5WJK85K4F	81_1	1
A2GLG8R57PVEQU	81_1	1
A2GLG8R57PVEQU	81_11	1
A2B6ZPXXMJB1B1	81_11	1
A3PIXX8DQGYHGI	81_11	2
A32IZC32FQKVRX	81_11	1
A2VH5LBZ5S5IBL	81_11	1
A2B6ZPXXMJB1B1	81_3	1
A18941IO2ZZWW6	81_3	2
A11GX90QFWDLMM	81_3	2
AYHHOK9GDSWNH	81_3	1
AUPV5WJK85K4F	81_3	1
A11GX90QFWDLMM	81_4	2
A32IZC32FQKVRX	81_4	2
A2GLG8R57PVEQU	81_4	2
A2VH5LBZ5S5IBL	81_4	2
A18941IO2ZZWW6	81_4	2
A2VH5LBZ5S5IBL	81_5	2
A2B6ZPXXMJB1B1	81_5	2
A11GX90QFWDLMM	81_5	2
AUPV5WJK85K4F	81_5	2
A1UV8TD7KO88IM	81_5	2
AYHHOK9GDSWNH	81_6	1
A1UV8TD7KO88IM	81_6	1
A2B6ZPXXMJB1B1	81_6	1
A11GX90QFWDLMM	81_6	2
A32IZC32FQKVRX	81_6	2
A2GLG8R57PVEQU	81_7	1
A3PIXX8DQGYHGI	81_7	2
AUPV5WJK85K4F	81_7	1
A2VH5LBZ5S5IBL	81_7	1
A11GX90QFWDLMM	81_7	2
A2GLG8R57PVEQU	81_8	1
A2VH5LBZ5S5IBL	81_8	1
A1UV8TD7KO88IM	81_8	1
A32IZC32FQKVRX	81_8	1
AYHHOK9GDSWNH	81_8	1
A1UV8TD7KO88IM	81_9	1
AUPV5WJK85K4F	81_9	1
A2GLG8R57PVEQU	81_9	1
A3PIXX8DQGYHGI	81_9	2
A32IZC32FQKVRX	81_9	1
A3J0VZOPOGW1QC	82_0	2
A3PIXX8DQGYHGI	82_0	2
A18WNE09USHJSG	82_0	2
AYHHOK9GDSWNH	82_0	2
A3G0MGLBT484I1	82_0	1
A3G0MGLBT484I1	83_2	1
AYHHOK9GDSWNH	83_2	2
A3J0VZOPOGW1QC	83_2	2
A18941IO2ZZWW6	83_2	2
A3PIXX8DQGYHGI	83_2	2
A2BEQQH909NJRN	84_1	1
A11GX90QFWDLMM	84_1	2
A3G0MGLBT484I1	84_1	1
A18941IO2ZZWW6	84_1	2
A3PIXX8DQGYHGI	84_1	2
A11GX90QFWDLMM	84_3	2
A18WNE09USHJSG	84_3	1
A3J0VZOPOGW1QC	84_3	1
AUPV5WJK85K4F	84_3	2
A3PIXX8DQGYHGI	84_3	2
A2BEQQH909NJRN	84_5	1
A11GX90QFWDLMM	84_5	2
A3PIXX8DQGYHGI	84_5	2
A3J0VZOPOGW1QC	84_5	1
AYHHOK9GDSWNH	84_5	1
AUPV5WJK85K4F	85_1	1
A1EPIK54UEQYQB	85_1	1
A2BEQQH909NJRN	85_1	1
A3J0VZOPOGW1QC	85_1	1
AYHHOK9GDSWNH	85_1	1
A18WNE09USHJSG	85_2	1
A3J0VZOPOGW1QC	85_2	1
AYHHOK9GDSWNH	85_2	2
AUPV5WJK85K4F	85_2	1
A3PIXX8DQGYHGI	85_2	2
A18941IO2ZZWW6	86_1	2
A3G0MGLBT484I1	86_1	1
A3PIXX8DQGYHGI	86_1	2
A18WNE09USHJSG	86_1	2
A1EPIK54UEQYQB	86_1	2
A18941IO2ZZWW6	87_2	2
A3J0VZOPOGW1QC	87_2	2
A3PIXX8DQGYHGI	87_2	2
AYHHOK9GDSWNH	87_2	2
AUPV5WJK85K4F	87_2	2
A18941IO2ZZWW6	88_0	2
A18WNE09USHJSG	88_0	2
A1EPIK54UEQYQB	88_0	2
A3G0MGLBT484I1	88_0	1
A3PIXX8DQGYHGI	88_0	2
AM7BYJ804O5TF	88_2	2
AUPV5WJK85K4F	88_2	2
A32IZC32FQKVRX	88_2	2
A3G0MGLBT484I1	88_2	1
A11GX90QFWDLMM	88_2	2
A1AML5YZXW4FIS	89_1	2
AM7BYJ804O5TF	89_1	2
A18941IO2ZZWW6	89_1	2
AUPV5WJK85K4F	89_1	2
AYHHOK9GDSWNH	89_1	2
A1GR4JB3DODIQ1	91_1	2
AUPV5WJK85K4F	91_1	2
AYHHOK9GDSWNH	91_1	2
A3G0MGLBT484I1	91_1	1
A32IZC32FQKVRX	91_1	2
A11GX90QFWDLMM	92_0	2
A32IZC32FQKVRX	92_0	2
AUPV5WJK85K4F	92_0	1
A1AML5YZXW4FIS	92_0	2
AM7BYJ804O5TF	92_0	2
AYHHOK9GDSWNH	92_1	2
A32IZC32FQKVRX	92_1	2
A18941IO2ZZWW6	92_1	2
A1GR4JB3DODIQ1	92_1	2
A11GX90QFWDLMM	92_1	2
A11GX90QFWDLMM	92_2	2
A3PIXX8DQGYHGI	92_2	2
AUPV5WJK85K4F	92_2	2
AYHHOK9GDSWNH	92_2	2
A32IZC32FQKVRX	92_2	2
AUPV5WJK85K4F	94_2	2
A18941IO2ZZWW6	94_2	2
A3PIXX8DQGYHGI	94_2	2
AM7BYJ804O5TF	94_2	2
A32IZC32FQKVRX	94_2	2
A18941IO2ZZWW6	97_0	2
A11GX90QFWDLMM	97_0	2
A1AML5YZXW4FIS	97_0	2
AYHHOK9GDSWNH	97_0	2
A3PIXX8DQGYHGI	97_0	2
AYHHOK9GDSWNH	9_2	1
A3G0MGLBT484I1	9_2	1
A11GX90QFWDLMM	9_2	2
A18941IO2ZZWW6	9_2	2
A26KXB5XCGERD2	9_2	1
A18941IO2ZZWW6	9_3	2
A3G0MGLBT484I1	9_3	1
AEX5NCH03LWSG	9_3	2
A11GX90QFWDLMM	9_3	2
A38UUFVXEND88G	9_3	1
AXTU992Z7V3ZX	9_4	1
AEX5NCH03LWSG	9_4	2
A11GX90QFWDLMM	9_4	2
AYHHOK9GDSWNH	9_4	1
A18941IO2ZZWW6	9_4	2
A23NXGIV5YVQHJ	9_5	1
A38UUFVXEND88G	9_5	1
A3PIXX8DQGYHGI	9_5	2
A18941IO2ZZWW6	9_5	2
A11GX90QFWDLMM	9_5	2
